transaction_id,amount,hour_of_day,merchant_category,distance_from_home_km,chip_used,transaction_count_24h,IsFraud
T000001,47.35,6,Groceries,291.0,Yes,1,No
T000002,427.19,2,Online,347.6,No,3,No
T000003,72.48,9,Electronics,47.6,Yes,3,No
T000004,206.4,10,Travel,413.6,No,2,No
T000005,46.78,14,Electronics,115.4,Yes,3,No
T000006,50.96,21,Gas,635.0,Yes,3,No
T000007,116.18,22,Online,17.3,Yes,0,No
T000008,124.67,20,Travel,219.8,No,1,No
T000009,48.76,22,Online,246.1,Yes,5,No
T000010,5.11,0,Travel,31.8,Yes,2,Yes
T000011,46.2,15,Travel,191.9,No,1,No
T000012,108.35,8,Gas,132.7,Yes,2,No
T000013,55.9,7,Electronics,339.1,Yes,1,No
T000014,86.16,7,Groceries,118.0,Yes,5,No
T000015,71.56,3,Gas,115.4,Yes,3,No
T000016,13.0,22,Gas,172.7,Yes,1,No
T000017,132.0,12,Online,25.5,No,2,No
T000018,30.57,9,Gas,61.3,Yes,0,No
T000019,33.06,4,Online,91.7,No,0,No
T000020,98.59,19,Travel,74.3,Yes,2,No
T000021,26.27,15,Gas,173.5,Yes,3,No
T000022,70.93,9,Online,56.5,No,1,No
T000023,23.2,15,Electronics,8.7,Yes,1,No
T000024,45.26,3,Groceries,115.0,No,2,Yes
T000025,37.58,16,Electronics,420.6,Yes,1,No
T000026,34.4,9,Electronics,265.8,Yes,1,No
T000027,24.13,2,Electronics,229.1,Yes,4,No
T000028,52.19,2,Groceries,334.0,No,2,Yes
T000029,61.64,2,Gas,61.5,Yes,4,No
T000030,137.82,7,Gas,240.0,No,2,No
T000031,30.76,8,Online,206.0,Yes,4,No
T000032,57.55,2,Online,78.3,Yes,3,No
T000033,496.36,9,Electronics,189.8,No,3,No
T000034,80.79,4,Electronics,20.9,Yes,1,No
T000035,88.47,1,Groceries,317.2,Yes,1,No
T000036,84.21,1,Groceries,150.0,Yes,4,Yes
T000037,9.93,10,Travel,237.0,Yes,4,No
T000038,42.78,11,Groceries,68.3,Yes,1,No
T000039,6.43,22,Electronics,136.4,Yes,1,No
T000040,129.19,2,Gas,305.8,Yes,2,Yes
T000041,298.95,1,Electronics,16.4,No,2,Yes
T000042,32.18,3,Electronics,154.2,Yes,3,Yes
T000043,318.45,0,Gas,340.2,No,4,No
T000044,17.79,7,Electronics,149.6,Yes,4,No
T000045,16.58,6,Groceries,104.1,Yes,1,Yes
T000046,94.89,13,Electronics,32.0,Yes,2,No
T000047,24.14,23,Electronics,142.5,Yes,1,No
T000048,33.23,12,Travel,72.3,Yes,2,No
T000049,161.78,19,Gas,83.0,Yes,2,No
T000050,20.6,19,Electronics,177.0,Yes,3,Yes
T000051,41.18,5,Electronics,174.2,Yes,4,No
T000052,48.56,13,Gas,92.4,Yes,3,No
T000053,79.72,15,Electronics,224.0,Yes,2,No
T000054,113.54,21,Electronics,27.6,No,2,No
T000055,49.23,17,Gas,20.2,No,6,Yes
T000056,16.47,1,Online,70.2,No,1,Yes
T000057,149.91,17,Electronics,66.2,No,2,No
T000058,968.12,4,Travel,104.1,Yes,1,No
T000059,124.0,8,Gas,45.8,Yes,4,No
T000060,95.64,21,Groceries,87.7,Yes,0,No
T000061,37.5,2,Gas,131.1,No,3,No
T000062,42.43,6,Gas,161.1,No,1,No
T000063,13.6,16,Groceries,109.8,No,3,No
T000064,101.22,9,Groceries,295.5,No,2,No
T000065,47.67,20,Electronics,188.0,No,0,No
T000066,197.93,5,Gas,63.9,Yes,1,No
T000067,19.36,22,Gas,119.7,No,0,No
T000068,213.65,14,Online,27.8,Yes,2,No
T000069,40.05,21,Travel,157.6,Yes,3,No
T000070,29.63,11,Gas,103.4,Yes,6,Yes
T000071,33.68,10,Electronics,178.3,Yes,2,No
T000072,29.7,8,Gas,40.2,No,1,No
T000073,6.76,8,Electronics,75.1,No,4,No
T000074,103.47,18,Gas,80.4,Yes,2,No
T000075,118.43,8,Online,462.3,Yes,2,No
T000076,196.09,11,Travel,99.3,Yes,2,No
T000077,110.53,1,Groceries,199.1,No,2,Yes
T000078,105.21,4,Online,241.2,No,2,No
T000079,10.19,23,Electronics,18.8,Yes,0,No
T000080,65.57,15,Gas,8.0,Yes,1,No
T000081,17.58,22,Gas,373.1,Yes,2,No
T000082,41.3,12,Groceries,300.1,Yes,3,No
T000083,220.66,8,Groceries,30.5,No,1,Yes
T000084,56.39,0,Electronics,197.9,Yes,3,No
T000085,4.0,19,Online,221.6,Yes,1,No
T000086,20.05,18,Online,249.4,No,4,Yes
T000087,30.95,4,Electronics,150.6,Yes,0,No
T000088,43.57,10,Online,148.3,Yes,1,No
T000089,139.49,0,Groceries,19.4,No,3,Yes
T000090,126.06,16,Gas,17.9,Yes,2,No
T000091,123.0,7,Gas,258.4,Yes,2,No
T000092,68.88,20,Travel,81.4,Yes,0,No
T000093,40.65,8,Online,280.8,Yes,0,No
T000094,38.03,2,Online,239.1,Yes,2,No
T000095,84.11,6,Electronics,317.7,No,2,No
T000096,138.93,4,Travel,2.3,Yes,1,No
T000097,257.92,20,Electronics,332.6,Yes,3,No
T000098,59.96,7,Online,150.8,Yes,4,No
T000099,73.32,1,Online,48.5,Yes,3,Yes
T000100,241.15,8,Electronics,110.5,Yes,3,No
T000101,18.41,23,Electronics,190.1,No,3,No
T000102,124.11,9,Online,22.8,Yes,2,No
T000103,24.83,3,Gas,315.4,Yes,0,No
T000104,268.76,4,Gas,50.5,No,1,No
T000105,222.72,5,Gas,96.0,No,0,No
T000106,282.8,8,Electronics,73.5,No,4,Yes
T000107,255.09,12,Gas,4.1,Yes,2,No
T000108,126.55,23,Online,98.2,Yes,3,No
T000109,19.63,6,Groceries,163.1,Yes,0,No
T000110,89.55,10,Gas,68.6,Yes,2,No
T000111,133.72,17,Online,69.7,No,4,No
T000112,88.0,23,Electronics,190.0,Yes,2,Yes
T000113,48.69,0,Travel,286.6,Yes,1,Yes
T000114,63.87,14,Groceries,4.8,Yes,3,No
T000115,80.45,4,Travel,15.2,No,2,Yes
T000116,19.57,12,Online,471.6,Yes,5,No
T000117,107.68,16,Electronics,73.8,No,3,No
T000118,95.1,13,Online,206.9,Yes,2,No
T000119,47.86,11,Travel,186.1,No,3,No
T000120,106.47,6,Travel,436.1,No,2,No
T000121,174.8,20,Gas,30.8,Yes,1,No
T000122,19.75,16,Groceries,337.2,No,0,Yes
T000123,237.62,6,Gas,697.1,No,1,No
T000124,150.86,5,Online,143.1,Yes,4,No
T000125,149.32,10,Travel,163.2,Yes,0,No
T000126,148.02,6,Travel,255.0,Yes,0,No
T000127,111.54,5,Groceries,493.8,Yes,1,No
T000128,54.63,13,Gas,131.0,Yes,3,No
T000129,26.22,18,Gas,309.4,Yes,5,No
T000130,91.14,3,Gas,7.3,Yes,2,Yes
T000131,62.36,2,Groceries,78.6,Yes,3,Yes
T000132,27.29,23,Electronics,102.2,No,1,No
T000133,317.23,22,Groceries,222.9,No,0,No
T000134,126.54,5,Electronics,15.6,No,2,No
T000135,40.01,11,Travel,119.4,Yes,1,No
T000136,11.31,20,Gas,74.5,Yes,2,No
T000137,23.62,16,Groceries,246.0,No,5,No
T000138,89.0,11,Gas,93.9,Yes,1,No
T000139,42.19,2,Gas,192.7,Yes,3,No
T000140,14.62,9,Electronics,9.9,Yes,3,No
T000141,71.3,17,Groceries,124.5,Yes,3,No
T000142,46.58,2,Groceries,227.4,Yes,4,No
T000143,36.5,11,Groceries,138.2,No,3,No
T000144,15.72,21,Electronics,800.4,Yes,1,No
T000145,76.3,2,Online,167.9,No,3,No
T000146,18.68,12,Travel,124.4,Yes,2,No
T000147,44.14,21,Travel,251.0,Yes,0,Yes
T000148,174.26,1,Gas,1.9,No,1,Yes
T000149,189.52,18,Groceries,224.3,Yes,3,No
T000150,48.03,19,Online,367.4,Yes,2,No
T000151,2.51,11,Groceries,48.8,No,4,No
T000152,116.19,5,Groceries,269.3,Yes,3,No
T000153,21.56,11,Groceries,86.3,No,3,No
T000154,13.55,7,Online,188.5,Yes,1,No
T000155,114.43,18,Online,188.6,Yes,3,No
T000156,8.59,11,Groceries,20.0,Yes,4,No
T000157,111.33,11,Travel,195.3,Yes,1,No
T000158,134.97,14,Groceries,85.3,Yes,3,No
T000159,90.26,0,Online,39.7,Yes,3,No
T000160,67.33,6,Groceries,211.8,Yes,3,No
T000161,48.8,18,Electronics,159.6,No,0,Yes
T000162,33.66,9,Gas,318.6,Yes,3,No
T000163,18.5,12,Electronics,218.9,Yes,1,No
T000164,583.23,8,Electronics,106.5,No,3,No
T000165,35.0,19,Online,16.1,No,2,No
T000166,21.68,16,Gas,7.8,Yes,2,No
T000167,49.74,3,Online,150.4,Yes,3,No
T000168,97.28,16,Gas,72.3,No,2,No
T000169,151.53,14,Online,243.1,No,2,Yes
T000170,43.47,13,Travel,229.7,Yes,2,No
T000171,45.14,10,Online,213.4,No,4,No
T000172,24.5,6,Groceries,223.9,Yes,3,No
T000173,42.26,20,Gas,188.4,Yes,0,No
T000174,129.71,2,Online,320.9,Yes,3,No
T000175,51.31,14,Travel,223.3,Yes,1,No
T000176,37.82,12,Travel,283.2,No,3,No
T000177,64.78,10,Travel,401.2,Yes,2,Yes
T000178,24.99,16,Travel,52.3,Yes,4,No
T000179,6.31,14,Groceries,18.6,Yes,2,No
T000180,33.56,1,Online,359.1,Yes,5,Yes
T000181,2.75,13,Online,173.0,Yes,1,No
T000182,41.91,1,Groceries,39.5,Yes,0,No
T000183,82.4,0,Electronics,300.8,Yes,1,Yes
T000184,146.58,5,Travel,29.3,No,3,No
T000185,92.75,10,Gas,280.7,Yes,0,No
T000186,56.62,16,Travel,53.7,No,2,No
T000187,19.58,19,Online,49.3,No,2,No
T000188,18.2,22,Groceries,57.0,Yes,2,No
T000189,44.26,10,Travel,256.5,Yes,0,No
T000190,22.99,12,Gas,206.2,Yes,1,No
T000191,20.86,14,Groceries,329.7,Yes,3,No
T000192,57.09,4,Travel,307.3,No,0,No
T000193,23.3,17,Groceries,213.0,Yes,0,No
T000194,8.87,17,Online,256.1,Yes,4,No
T000195,43.89,2,Electronics,124.0,Yes,3,No
T000196,21.12,2,Online,183.2,Yes,4,No
T000197,91.61,2,Online,124.4,Yes,0,No
T000198,199.13,20,Gas,213.6,Yes,2,No
T000199,116.75,1,Online,97.9,Yes,2,No
T000200,84.47,23,Gas,54.3,No,2,Yes
T000201,213.93,6,Groceries,107.9,Yes,1,No
T000202,20.47,19,Groceries,117.1,Yes,4,No
T000203,30.68,15,Travel,132.9,Yes,2,No
T000204,65.73,10,Groceries,133.0,No,6,No
T000205,36.76,0,Travel,193.0,Yes,4,Yes
T000206,63.13,7,Travel,149.5,Yes,2,No
T000207,37.41,23,Online,459.0,Yes,1,No
T000208,42.0,7,Gas,107.1,Yes,2,No
T000209,35.61,12,Gas,197.8,Yes,2,No
T000210,114.89,4,Online,114.8,Yes,1,No
T000211,45.32,23,Online,18.1,Yes,1,No
T000212,14.73,6,Groceries,237.0,Yes,0,No
T000213,48.34,7,Groceries,383.3,No,3,No
T000214,29.7,5,Groceries,266.8,Yes,1,No
T000215,231.34,16,Electronics,149.5,No,1,No
T000216,78.44,18,Online,8.2,Yes,2,No
T000217,194.56,5,Groceries,120.9,Yes,3,No
T000218,61.01,19,Electronics,97.8,Yes,1,No
T000219,137.13,4,Travel,229.4,No,2,No
T000220,117.32,21,Online,28.9,No,2,No
T000221,95.4,6,Groceries,239.6,Yes,1,No
T000222,9.59,2,Gas,103.9,Yes,1,No
T000223,66.66,7,Online,168.1,No,0,Yes
T000224,212.89,18,Electronics,43.3,Yes,3,No
T000225,55.34,7,Online,252.3,No,1,No
T000226,175.91,12,Groceries,224.1,Yes,2,No
T000227,33.77,22,Online,147.2,Yes,3,No
T000228,40.17,0,Gas,9.1,Yes,0,No
T000229,108.7,3,Travel,226.1,Yes,4,Yes
T000230,13.28,2,Groceries,232.9,Yes,0,No
T000231,290.77,16,Travel,327.3,Yes,1,No
T000232,41.46,4,Online,591.3,Yes,1,No
T000233,203.04,15,Gas,493.9,No,2,No
T000234,30.03,19,Travel,4.1,No,3,Yes
T000235,115.79,18,Electronics,383.0,Yes,2,No
T000236,36.02,19,Groceries,366.3,No,0,No
T000237,11.72,16,Gas,15.0,Yes,1,No
T000238,35.75,12,Online,68.5,Yes,2,No
T000239,48.74,19,Groceries,145.4,No,5,No
T000240,88.22,1,Online,326.9,Yes,2,No
T000241,24.78,14,Electronics,538.9,Yes,1,Yes
T000242,91.8,18,Electronics,60.3,No,4,No
T000243,42.13,13,Groceries,110.1,Yes,0,No
T000244,7.55,10,Travel,386.1,Yes,4,No
T000245,146.14,22,Gas,162.3,Yes,0,No
T000246,160.45,21,Travel,70.6,No,1,No
T000247,38.2,16,Online,334.9,No,2,No
T000248,45.27,5,Travel,432.0,Yes,3,No
T000249,32.33,1,Electronics,150.2,Yes,1,Yes
T000250,79.87,10,Electronics,21.9,Yes,2,No
T000251,30.27,2,Electronics,95.3,No,3,No
T000252,125.43,21,Groceries,285.0,Yes,1,No
T000253,47.25,16,Gas,24.9,No,3,Yes
T000254,14.91,1,Online,281.1,Yes,0,No
T000255,108.45,3,Gas,92.2,No,2,Yes
T000256,87.41,22,Online,184.7,Yes,1,No
T000257,8.6,22,Electronics,37.6,Yes,3,No
T000258,65.75,23,Travel,21.3,No,2,Yes
T000259,95.69,13,Online,133.6,Yes,2,No
T000260,49.73,10,Gas,13.7,Yes,1,No
T000261,33.8,7,Online,109.2,No,2,No
T000262,186.52,11,Groceries,66.4,No,0,No
T000263,28.18,9,Electronics,34.3,No,2,No
T000264,312.07,0,Gas,386.5,Yes,2,Yes
T000265,26.53,23,Travel,54.6,Yes,1,No
T000266,139.79,21,Online,270.8,Yes,2,No
T000267,331.8,11,Online,104.0,Yes,3,No
T000268,15.14,4,Electronics,66.5,Yes,4,No
T000269,88.04,1,Gas,271.1,No,2,Yes
T000270,26.55,21,Gas,145.1,No,2,No
T000271,121.72,5,Online,26.7,Yes,1,No
T000272,229.48,14,Online,165.9,Yes,2,No
T000273,322.15,0,Travel,112.2,Yes,3,No
T000274,152.42,7,Travel,20.3,Yes,2,No
T000275,39.19,15,Groceries,220.6,Yes,5,No
T000276,112.4,6,Gas,24.0,Yes,3,No
T000277,759.99,5,Gas,139.4,Yes,3,No
T000278,192.55,18,Electronics,131.3,No,3,No
T000279,509.79,22,Online,454.3,No,5,No
T000280,175.11,2,Gas,58.2,Yes,4,No
T000281,16.86,11,Online,3.3,Yes,2,No
T000282,42.35,19,Electronics,134.7,Yes,1,No
T000283,113.48,23,Online,192.9,No,2,No
T000284,21.88,14,Travel,314.9,No,1,No
T000285,111.66,15,Travel,83.1,Yes,0,No
T000286,8.15,22,Online,144.3,No,2,No
T000287,52.08,0,Travel,45.6,Yes,1,Yes
T000288,101.25,11,Groceries,158.4,Yes,3,No
T000289,8.77,5,Online,325.7,No,4,No
T000290,97.67,8,Online,80.1,Yes,2,No
T000291,139.44,23,Online,63.5,Yes,1,No
T000292,143.9,17,Electronics,279.9,Yes,2,No
T000293,10.98,8,Travel,242.0,No,2,No
T000294,13.65,11,Groceries,24.6,No,2,Yes
T000295,178.82,11,Travel,184.0,No,1,No
T000296,179.12,1,Groceries,65.6,Yes,1,No
T000297,19.96,6,Groceries,134.2,Yes,2,No
T000298,15.22,16,Travel,22.8,Yes,0,No
T000299,151.47,21,Gas,163.6,No,3,No
T000300,8.15,12,Gas,134.1,Yes,2,No
T000301,111.92,3,Travel,157.4,No,1,No
T000302,11.08,13,Online,10.0,Yes,0,No
T000303,13.69,22,Electronics,157.7,Yes,2,No
T000304,62.9,7,Groceries,84.3,No,3,No
T000305,111.26,5,Gas,45.9,No,4,No
T000306,114.33,17,Travel,188.0,Yes,1,No
T000307,65.61,1,Online,279.3,Yes,5,No
T000308,23.8,19,Gas,313.5,Yes,2,No
T000309,25.19,17,Online,82.1,Yes,1,No
T000310,71.29,3,Travel,166.0,No,1,No
T000311,111.48,7,Travel,167.9,Yes,2,No
T000312,22.86,16,Groceries,520.6,Yes,4,Yes
T000313,27.89,16,Online,192.9,Yes,1,No
T000314,30.4,13,Online,156.5,No,2,No
T000315,58.23,3,Online,4.8,No,3,No
T000316,21.46,3,Electronics,57.4,No,2,No
T000317,54.18,1,Travel,8.5,Yes,4,Yes
T000318,67.65,3,Electronics,38.0,Yes,1,Yes
T000319,91.57,22,Travel,15.0,Yes,2,No
T000320,86.56,16,Groceries,249.6,Yes,3,No
T000321,15.68,4,Travel,357.8,Yes,1,No
T000322,58.29,16,Gas,173.3,No,0,No
T000323,85.55,19,Online,168.8,Yes,1,No
T000324,27.56,17,Online,18.9,Yes,2,No
T000325,36.99,6,Online,170.2,Yes,2,No
T000326,221.41,9,Groceries,44.3,No,1,Yes
T000327,7.64,5,Electronics,119.3,No,2,No
T000328,478.83,4,Groceries,190.8,Yes,1,No
T000329,185.53,13,Travel,78.0,Yes,0,No
T000330,40.47,11,Electronics,231.6,No,4,No
T000331,279.01,11,Online,252.6,No,2,No
T000332,20.96,13,Groceries,185.4,No,0,No
T000333,92.79,1,Groceries,151.2,Yes,0,No
T000334,13.65,0,Gas,122.6,Yes,3,No
T000335,265.3,12,Electronics,189.9,Yes,6,No
T000336,28.99,11,Electronics,233.1,No,2,No
T000337,130.91,21,Online,254.7,Yes,0,No
T000338,68.15,18,Electronics,202.2,Yes,1,Yes
T000339,38.04,23,Online,335.2,Yes,3,No
T000340,32.11,11,Gas,112.9,No,1,No
T000341,698.39,12,Travel,99.7,Yes,2,No
T000342,28.26,10,Travel,323.1,Yes,3,No
T000343,94.25,6,Online,167.7,No,3,No
T000344,109.51,19,Online,126.2,No,3,No
T000345,175.45,8,Gas,103.9,No,2,No
T000346,168.02,4,Online,243.0,No,3,Yes
T000347,18.41,20,Travel,27.9,Yes,4,No
T000348,55.08,10,Travel,52.7,No,4,No
T000349,109.18,10,Online,26.7,Yes,2,No
T000350,75.86,22,Gas,60.1,Yes,1,No
T000351,27.94,21,Groceries,100.0,Yes,2,No
T000352,34.97,10,Gas,147.3,Yes,2,No
T000353,52.69,22,Travel,99.1,No,2,No
T000354,17.94,9,Gas,431.9,Yes,1,No
T000355,53.61,15,Groceries,58.8,Yes,2,No
T000356,100.4,22,Travel,202.6,Yes,0,No
T000357,95.82,9,Travel,43.9,Yes,2,No
T000358,92.68,4,Electronics,68.8,Yes,4,No
T000359,22.73,16,Travel,57.5,No,1,No
T000360,10.84,20,Electronics,224.3,Yes,1,No
T000361,78.16,11,Electronics,188.1,Yes,3,No
T000362,27.03,3,Online,124.9,Yes,2,No
T000363,81.89,22,Electronics,32.7,Yes,3,No
T000364,268.7,16,Online,190.1,Yes,1,No
T000365,67.25,14,Electronics,172.2,Yes,3,No
T000366,44.22,4,Online,218.8,Yes,1,No
T000367,26.39,14,Gas,164.2,Yes,0,No
T000368,21.46,18,Online,99.3,Yes,4,Yes
T000369,199.78,1,Groceries,118.6,No,2,No
T000370,4.82,21,Online,175.9,Yes,3,No
T000371,45.64,2,Gas,138.3,Yes,1,No
T000372,181.53,20,Groceries,1.2,Yes,3,No
T000373,19.97,4,Groceries,62.5,Yes,3,No
T000374,51.5,22,Groceries,157.9,Yes,7,No
T000375,41.86,20,Electronics,123.9,No,2,No
T000376,97.51,13,Gas,271.4,No,1,No
T000377,233.6,19,Electronics,443.9,Yes,6,No
T000378,35.55,10,Gas,296.0,Yes,1,No
T000379,20.07,11,Gas,19.2,Yes,0,No
T000380,28.69,0,Travel,0.1,No,2,No
T000381,388.49,21,Groceries,313.1,Yes,1,No
T000382,395.46,22,Electronics,204.7,Yes,2,No
T000383,83.82,7,Travel,404.6,No,0,No
T000384,101.57,3,Travel,201.9,Yes,2,No
T000385,29.24,4,Online,72.6,Yes,1,Yes
T000386,151.26,4,Online,156.4,Yes,3,Yes
T000387,42.66,11,Online,48.1,No,3,No
T000388,23.51,22,Groceries,80.0,Yes,3,No
T000389,70.45,6,Travel,170.1,No,3,No
T000390,40.54,12,Travel,426.6,Yes,3,No
T000391,67.96,20,Travel,81.8,Yes,3,No
T000392,53.18,1,Online,119.1,Yes,2,No
T000393,77.88,13,Gas,340.9,Yes,1,No
T000394,62.24,0,Groceries,9.2,Yes,3,No
T000395,357.66,17,Gas,6.5,No,1,No
T000396,115.9,14,Electronics,165.2,Yes,1,No
T000397,39.34,13,Gas,164.9,Yes,2,No
T000398,93.39,15,Electronics,136.2,Yes,4,No
T000399,30.63,13,Gas,86.4,Yes,1,No
T000400,54.51,8,Online,227.1,Yes,3,No
T000401,20.06,3,Online,35.8,Yes,0,No
T000402,19.69,11,Gas,127.3,Yes,0,No
T000403,63.34,22,Online,1.8,Yes,1,No
T000404,13.39,0,Electronics,353.9,No,3,No
T000405,63.05,19,Electronics,64.6,Yes,2,No
T000406,37.48,5,Online,110.2,No,3,No
T000407,57.51,3,Groceries,58.5,Yes,1,No
T000408,112.2,5,Groceries,244.1,No,0,No
T000409,150.12,6,Gas,201.4,No,3,No
T000410,82.64,2,Gas,234.3,Yes,3,No
T000411,23.01,23,Online,293.4,Yes,3,No
T000412,103.76,6,Gas,44.5,No,0,No
T000413,237.75,13,Groceries,414.6,Yes,3,No
T000414,75.3,14,Groceries,30.4,Yes,3,No
T000415,8.34,6,Groceries,132.8,No,1,No
T000416,15.66,0,Online,62.4,No,4,No
T000417,76.59,18,Electronics,112.6,Yes,3,Yes
T000418,40.48,22,Groceries,230.7,Yes,1,No
T000419,539.36,5,Groceries,26.9,No,0,No
T000420,33.79,19,Online,29.0,No,1,No
T000421,43.49,1,Electronics,348.2,Yes,1,No
T000422,95.19,8,Travel,273.2,Yes,2,No
T000423,5.02,20,Gas,113.9,Yes,3,No
T000424,132.56,9,Travel,188.4,Yes,0,No
T000425,42.56,14,Gas,21.6,Yes,4,No
T000426,13.31,21,Groceries,202.1,No,2,No
T000427,36.16,3,Online,26.3,Yes,1,No
T000428,175.78,3,Groceries,97.2,No,3,No
T000429,72.74,10,Electronics,223.5,Yes,4,No
T000430,3.54,3,Electronics,248.9,No,2,No
T000431,85.96,4,Gas,336.8,Yes,4,No
T000432,40.08,20,Gas,126.2,Yes,1,No
T000433,67.65,13,Online,144.9,No,2,No
T000434,15.22,14,Online,52.0,Yes,0,No
T000435,148.36,1,Online,18.1,No,0,No
T000436,146.29,21,Gas,109.8,Yes,2,No
T000437,63.08,16,Electronics,23.4,Yes,2,No
T000438,55.36,6,Electronics,127.0,Yes,4,No
T000439,169.89,12,Travel,462.2,Yes,4,No
T000440,89.12,12,Gas,132.4,Yes,2,No
T000441,42.23,1,Electronics,92.5,Yes,1,No
T000442,45.69,17,Groceries,253.5,No,1,No
T000443,87.76,17,Online,78.6,No,2,No
T000444,345.75,9,Electronics,26.8,Yes,3,No
T000445,34.38,4,Groceries,85.9,Yes,3,No
T000446,35.56,21,Gas,229.0,Yes,2,No
T000447,122.71,16,Gas,17.2,Yes,4,No
T000448,32.45,19,Gas,377.9,No,2,No
T000449,21.75,11,Gas,169.3,Yes,2,No
T000450,19.15,5,Electronics,147.9,Yes,7,Yes
T000451,234.39,13,Gas,91.1,Yes,1,No
T000452,23.35,3,Online,300.1,Yes,1,No
T000453,43.56,4,Travel,69.3,Yes,1,Yes
T000454,12.39,4,Gas,20.7,No,2,No
T000455,50.69,5,Groceries,276.1,Yes,2,No
T000456,36.65,1,Online,174.3,Yes,2,No
T000457,46.17,1,Groceries,73.1,No,4,No
T000458,35.87,21,Travel,72.6,No,2,No
T000459,56.72,12,Online,54.2,No,4,No
T000460,45.66,9,Groceries,162.2,Yes,2,No
T000461,44.59,7,Travel,508.1,Yes,0,No
T000462,27.31,12,Gas,288.3,No,3,No
T000463,27.88,5,Electronics,241.4,Yes,3,No
T000464,128.29,5,Gas,147.1,No,3,No
T000465,48.22,18,Groceries,221.4,No,1,No
T000466,179.99,19,Electronics,19.1,No,2,No
T000467,35.79,15,Gas,188.5,Yes,1,No
T000468,31.12,20,Travel,87.5,Yes,1,No
T000469,158.19,3,Electronics,118.2,Yes,3,No
T000470,47.39,10,Online,84.9,Yes,1,No
T000471,40.89,5,Travel,180.6,Yes,3,No
T000472,38.62,7,Gas,136.9,Yes,6,No
T000473,221.44,22,Gas,121.9,No,0,No
T000474,57.79,18,Online,12.7,Yes,1,No
T000475,104.83,14,Electronics,212.8,Yes,2,No
T000476,163.94,3,Groceries,56.3,No,3,No
T000477,84.58,9,Travel,153.1,Yes,1,No
T000478,19.1,18,Gas,175.7,No,4,Yes
T000479,80.27,17,Groceries,139.0,Yes,1,No
T000480,201.62,21,Electronics,149.5,Yes,0,No
T000481,131.61,16,Online,90.2,No,3,No
T000482,69.25,18,Online,44.2,Yes,3,No
T000483,32.99,7,Electronics,144.3,Yes,2,No
T000484,137.77,14,Online,79.8,No,2,No
T000485,8.73,17,Electronics,90.9,No,1,No
T000486,162.88,19,Gas,249.5,Yes,2,No
T000487,197.03,5,Online,65.4,Yes,0,No
T000488,23.11,18,Travel,5.2,Yes,3,No
T000489,60.88,5,Electronics,24.5,Yes,1,No
T000490,9.27,18,Groceries,145.3,Yes,0,No
T000491,52.03,11,Gas,59.1,Yes,2,No
T000492,30.22,7,Online,24.9,Yes,3,No
T000493,14.73,10,Gas,359.6,Yes,4,No
T000494,71.45,5,Groceries,36.4,Yes,2,No
T000495,284.05,2,Electronics,7.4,Yes,3,No
T000496,142.53,5,Online,22.3,Yes,1,No
T000497,36.57,2,Electronics,167.4,No,3,No
T000498,237.57,9,Electronics,103.0,Yes,4,No
T000499,139.23,20,Travel,54.6,Yes,2,No
T000500,424.96,15,Groceries,152.6,No,0,No
T000501,41.87,1,Groceries,87.3,No,4,No
T000502,144.42,3,Travel,194.0,Yes,1,No
T000503,374.0,0,Travel,357.4,Yes,1,No
T000504,8.29,17,Travel,306.1,No,2,No
T000505,117.63,18,Groceries,123.2,Yes,2,No
T000506,18.7,7,Online,170.5,No,1,No
T000507,29.52,22,Travel,24.4,Yes,1,No
T000508,59.48,13,Electronics,103.7,No,3,No
T000509,77.32,5,Travel,177.5,Yes,4,No
T000510,310.95,21,Online,190.1,No,4,No
T000511,67.28,14,Electronics,507.2,Yes,1,Yes
T000512,55.38,16,Groceries,181.9,Yes,4,No
T000513,28.97,22,Gas,270.1,Yes,2,No
T000514,19.08,11,Electronics,66.3,Yes,2,No
T000515,17.37,15,Electronics,189.9,No,2,No
T000516,129.81,2,Online,91.7,No,2,No
T000517,23.23,14,Travel,52.1,No,4,No
T000518,280.35,17,Groceries,236.8,Yes,2,No
T000519,104.61,11,Online,53.7,Yes,3,No
T000520,199.8,3,Online,254.4,Yes,0,No
T000521,46.52,6,Groceries,60.2,No,2,No
T000522,249.76,8,Travel,233.9,Yes,4,No
T000523,39.17,23,Online,105.4,No,1,No
T000524,55.28,10,Gas,52.0,No,5,No
T000525,12.91,2,Travel,328.3,Yes,1,No
T000526,13.92,23,Gas,100.2,Yes,2,No
T000527,29.2,23,Online,41.4,Yes,1,No
T000528,84.61,3,Travel,68.0,Yes,3,No
T000529,79.96,18,Online,101.1,Yes,0,No
T000530,118.12,8,Travel,255.0,Yes,2,No
T000531,71.69,16,Groceries,104.2,Yes,1,No
T000532,10.81,23,Travel,94.2,No,1,No
T000533,32.13,18,Travel,216.0,Yes,1,No
T000534,35.16,19,Gas,135.9,No,2,No
T000535,87.54,17,Travel,63.9,Yes,2,No
T000536,123.76,9,Electronics,199.7,No,2,No
T000537,26.34,7,Gas,425.7,Yes,4,No
T000538,12.39,23,Electronics,82.1,Yes,0,No
T000539,86.58,13,Gas,256.3,Yes,0,No
T000540,216.29,20,Groceries,49.7,Yes,0,No
T000541,219.2,2,Online,168.5,Yes,0,No
T000542,39.05,22,Electronics,216.0,Yes,2,No
T000543,45.2,19,Travel,32.4,Yes,3,No
T000544,29.72,18,Groceries,26.4,Yes,3,No
T000545,190.55,1,Travel,46.7,Yes,0,No
T000546,46.88,10,Online,149.2,No,5,No
T000547,110.68,7,Groceries,133.9,No,2,Yes
T000548,56.66,19,Electronics,226.3,Yes,1,No
T000549,137.63,15,Gas,96.3,No,2,No
T000550,290.72,11,Electronics,247.4,Yes,3,No
T000551,46.65,6,Electronics,14.9,Yes,1,No
T000552,70.93,15,Travel,43.5,No,2,Yes
T000553,53.3,4,Online,51.9,Yes,5,No
T000554,46.48,16,Gas,180.3,Yes,1,No
T000555,27.42,7,Electronics,372.2,Yes,5,No
T000556,15.71,0,Travel,326.6,Yes,1,No
T000557,4.5,21,Travel,168.2,Yes,1,No
T000558,54.82,0,Gas,79.2,Yes,2,No
T000559,47.24,6,Gas,261.1,Yes,2,No
T000560,120.62,19,Gas,524.6,No,2,No
T000561,40.37,17,Travel,402.5,Yes,2,No
T000562,9.38,16,Gas,364.6,Yes,3,No
T000563,106.6,7,Travel,205.3,Yes,1,No
T000564,574.8,8,Groceries,413.1,No,2,No
T000565,35.93,15,Electronics,18.2,No,2,No
T000566,121.06,12,Online,262.4,No,2,No
T000567,165.37,12,Online,352.6,No,3,No
T000568,18.53,12,Groceries,323.5,Yes,0,No
T000569,21.03,20,Electronics,132.9,Yes,2,No
T000570,92.84,4,Electronics,189.8,Yes,2,No
T000571,27.01,14,Electronics,330.5,Yes,0,No
T000572,13.41,0,Travel,101.5,Yes,1,No
T000573,72.53,0,Groceries,173.8,Yes,2,No
T000574,523.83,2,Groceries,131.1,Yes,3,Yes
T000575,11.17,22,Travel,214.3,Yes,2,No
T000576,22.43,23,Travel,161.4,No,2,No
T000577,85.86,15,Groceries,12.2,No,3,No
T000578,28.66,11,Gas,29.7,Yes,2,No
T000579,34.26,17,Groceries,294.1,No,2,Yes
T000580,41.35,12,Groceries,267.4,Yes,1,No
T000581,34.75,5,Groceries,106.5,Yes,1,No
T000582,41.1,0,Groceries,232.4,Yes,4,No
T000583,28.84,0,Online,36.7,Yes,2,No
T000584,118.27,11,Gas,323.1,No,0,No
T000585,35.04,15,Online,304.6,Yes,2,No
T000586,26.86,2,Gas,200.1,Yes,3,No
T000587,65.35,6,Groceries,42.3,No,0,Yes
T000588,108.05,13,Online,104.7,No,3,No
T000589,75.08,14,Gas,112.7,No,1,No
T000590,88.01,14,Online,54.3,Yes,1,No
T000591,189.14,10,Electronics,325.1,No,0,No
T000592,6.92,20,Gas,384.2,No,2,No
T000593,15.77,0,Online,428.3,No,1,No
T000594,20.41,2,Gas,361.7,Yes,4,No
T000595,14.89,23,Gas,202.0,Yes,4,No
T000596,60.11,11,Travel,234.9,Yes,1,No
T000597,56.21,7,Electronics,23.4,Yes,6,Yes
T000598,172.53,12,Travel,131.4,No,0,No
T000599,45.71,3,Groceries,3.8,No,3,Yes
T000600,16.19,17,Online,33.8,Yes,1,No
T000601,238.7,14,Online,75.5,Yes,1,No
T000602,187.67,16,Travel,241.3,No,1,No
T000603,73.42,16,Groceries,16.9,No,0,No
T000604,354.06,12,Travel,26.8,No,3,No
T000605,1019.01,14,Electronics,164.8,Yes,1,No
T000606,30.99,19,Online,21.1,Yes,4,No
T000607,30.12,20,Travel,183.3,No,2,No
T000608,132.55,4,Groceries,355.9,Yes,3,No
T000609,40.94,6,Electronics,19.1,Yes,1,No
T000610,131.21,7,Gas,95.8,Yes,1,No
T000611,126.96,21,Electronics,390.0,Yes,2,No
T000612,33.0,18,Travel,330.0,Yes,2,No
T000613,167.59,15,Travel,438.8,Yes,2,No
T000614,127.63,3,Online,667.6,No,1,No
T000615,42.91,12,Electronics,219.2,Yes,1,No
T000616,180.42,13,Online,12.6,No,1,No
T000617,1277.1,17,Online,244.4,Yes,1,No
T000618,124.52,0,Electronics,88.5,Yes,0,No
T000619,14.12,17,Travel,340.1,Yes,5,No
T000620,42.8,17,Travel,217.4,Yes,5,No
T000621,36.46,19,Gas,165.6,Yes,0,No
T000622,26.2,2,Gas,11.9,Yes,4,Yes
T000623,102.39,13,Online,26.6,Yes,5,No
T000624,397.77,20,Gas,268.0,Yes,2,No
T000625,71.0,21,Online,306.6,Yes,1,No
T000626,20.97,16,Online,167.8,Yes,0,No
T000627,96.55,2,Groceries,42.0,Yes,3,No
T000628,17.02,7,Electronics,40.7,Yes,3,No
T000629,138.15,22,Travel,94.7,Yes,2,No
T000630,71.3,15,Groceries,168.9,Yes,3,No
T000631,33.0,18,Online,132.0,Yes,0,No
T000632,25.72,11,Travel,13.0,Yes,2,No
T000633,86.15,1,Online,250.2,Yes,3,No
T000634,183.13,13,Groceries,275.6,No,2,No
T000635,219.36,7,Electronics,325.9,Yes,2,No
T000636,65.34,19,Travel,0.5,No,1,Yes
T000637,75.51,0,Online,11.4,No,3,No
T000638,45.94,15,Electronics,513.3,Yes,3,No
T000639,21.82,23,Groceries,43.7,No,2,No
T000640,24.53,8,Gas,46.4,Yes,5,No
T000641,218.66,14,Travel,55.9,No,0,No
T000642,27.26,4,Online,187.5,Yes,0,No
T000643,258.89,21,Travel,345.2,Yes,3,No
T000644,30.56,21,Electronics,217.7,Yes,2,No
T000645,10.63,21,Travel,214.1,Yes,4,No
T000646,30.67,0,Groceries,216.7,No,2,Yes
T000647,75.78,18,Electronics,145.4,Yes,1,No
T000648,46.23,20,Gas,241.6,Yes,1,No
T000649,93.0,7,Online,55.3,Yes,1,No
T000650,486.11,13,Gas,1.5,Yes,1,No
T000651,74.36,19,Electronics,187.1,Yes,1,No
T000652,54.07,11,Gas,125.4,Yes,2,No
T000653,33.35,21,Electronics,266.5,No,0,No
T000654,43.69,21,Groceries,335.7,Yes,1,No
T000655,282.48,13,Electronics,241.6,Yes,1,No
T000656,175.43,0,Gas,70.3,No,4,Yes
T000657,286.79,4,Online,16.0,No,6,No
T000658,70.41,3,Gas,26.4,Yes,3,No
T000659,29.61,0,Travel,32.4,Yes,0,No
T000660,59.06,13,Travel,26.0,Yes,2,No
T000661,43.57,22,Electronics,31.4,Yes,0,No
T000662,230.92,23,Gas,397.1,Yes,2,No
T000663,118.02,11,Gas,63.4,Yes,2,No
T000664,8.64,8,Online,25.3,No,1,No
T000665,17.15,21,Electronics,223.2,No,2,No
T000666,41.77,12,Gas,200.5,No,1,No
T000667,307.4,10,Electronics,61.5,No,0,No
T000668,28.03,9,Electronics,203.0,No,2,No
T000669,65.33,0,Electronics,390.0,Yes,2,Yes
T000670,82.68,21,Online,47.3,Yes,2,No
T000671,94.01,5,Gas,182.6,Yes,4,No
T000672,101.34,15,Gas,143.6,No,3,No
T000673,31.51,7,Travel,75.3,Yes,1,No
T000674,145.6,5,Electronics,203.5,Yes,1,No
T000675,29.03,19,Electronics,235.6,No,1,No
T000676,137.87,17,Gas,168.5,Yes,0,No
T000677,38.6,16,Electronics,333.3,Yes,1,No
T000678,34.9,7,Gas,84.3,No,3,No
T000679,51.12,0,Gas,168.5,Yes,4,Yes
T000680,24.02,3,Online,78.0,No,1,Yes
T000681,84.21,21,Travel,35.2,No,3,No
T000682,426.16,19,Gas,144.5,No,1,No
T000683,5.99,5,Electronics,512.8,Yes,2,No
T000684,78.93,21,Online,211.8,Yes,1,No
T000685,5.2,12,Online,42.4,No,6,No
T000686,82.64,13,Electronics,3.3,No,3,Yes
T000687,6.7,6,Electronics,161.2,Yes,0,No
T000688,27.53,17,Gas,66.0,Yes,1,No
T000689,64.55,20,Electronics,112.7,Yes,2,No
T000690,14.01,3,Online,412.9,Yes,1,No
T000691,61.79,13,Electronics,479.9,Yes,1,No
T000692,104.04,6,Electronics,87.3,Yes,5,No
T000693,120.0,4,Online,167.2,No,4,No
T000694,14.57,16,Online,93.4,Yes,2,No
T000695,118.03,11,Gas,156.3,Yes,1,No
T000696,32.16,15,Groceries,153.3,Yes,1,No
T000697,92.84,14,Gas,427.2,Yes,1,No
T000698,165.14,13,Electronics,336.0,No,1,No
T000699,31.58,17,Travel,186.2,Yes,3,No
T000700,86.26,20,Groceries,353.0,Yes,2,No
T000701,26.09,8,Electronics,202.7,Yes,5,No
T000702,17.43,7,Travel,21.3,Yes,1,No
T000703,175.21,4,Travel,112.5,Yes,2,No
T000704,13.63,11,Travel,77.6,No,3,No
T000705,175.11,13,Online,65.1,Yes,3,No
T000706,149.0,5,Electronics,230.2,No,2,No
T000707,15.61,18,Travel,248.8,No,1,No
T000708,33.27,6,Electronics,27.4,Yes,1,No
T000709,51.72,3,Gas,118.6,No,1,No
T000710,15.03,16,Travel,62.8,Yes,2,No
T000711,54.78,0,Electronics,253.8,Yes,0,Yes
T000712,30.67,16,Groceries,153.4,Yes,1,No
T000713,41.05,1,Travel,26.9,No,3,Yes
T000714,14.55,7,Groceries,150.7,Yes,1,No
T000715,18.18,16,Groceries,60.3,Yes,1,No
T000716,42.54,5,Travel,65.1,No,2,No
T000717,82.14,22,Groceries,184.0,Yes,5,No
T000718,121.0,20,Online,83.6,Yes,0,No
T000719,7.91,0,Groceries,15.6,Yes,1,No
T000720,38.19,23,Travel,120.3,Yes,3,No
T000721,429.19,4,Groceries,190.1,No,3,Yes
T000722,70.88,14,Electronics,41.8,Yes,1,No
T000723,12.74,13,Groceries,82.5,Yes,2,No
T000724,26.63,1,Electronics,5.9,No,0,No
T000725,71.93,20,Electronics,139.2,Yes,2,No
T000726,133.05,5,Groceries,110.2,No,2,Yes
T000727,177.72,14,Groceries,39.7,Yes,1,No
T000728,348.25,7,Groceries,132.2,Yes,2,No
T000729,84.06,3,Electronics,343.0,Yes,1,No
T000730,117.86,23,Gas,167.0,Yes,1,No
T000731,309.38,3,Online,7.4,Yes,3,No
T000732,432.68,6,Electronics,22.3,Yes,2,No
T000733,53.78,10,Travel,265.1,Yes,1,No
T000734,70.29,9,Travel,112.6,Yes,5,No
T000735,333.06,16,Travel,56.5,Yes,0,No
T000736,73.9,19,Travel,367.4,No,2,No
T000737,26.65,0,Groceries,211.0,Yes,1,No
T000738,94.32,9,Travel,248.9,Yes,2,No
T000739,37.52,4,Gas,451.9,Yes,2,No
T000740,149.29,10,Gas,25.9,Yes,3,No
T000741,34.15,15,Travel,119.9,No,2,No
T000742,429.4,2,Travel,335.9,Yes,1,Yes
T000743,52.37,15,Gas,61.6,Yes,2,No
T000744,55.89,8,Travel,25.6,Yes,3,No
T000745,74.32,12,Travel,103.0,No,4,No
T000746,13.16,21,Online,120.0,No,3,No
T000747,104.59,11,Groceries,17.1,No,1,No
T000748,165.71,11,Gas,244.3,No,1,No
T000749,3.91,18,Electronics,13.0,Yes,4,No
T000750,45.51,11,Travel,26.2,No,2,No
T000751,64.84,10,Online,194.8,No,1,No
T000752,45.77,12,Gas,343.7,No,1,No
T000753,113.22,17,Online,174.9,Yes,0,No
T000754,38.03,6,Travel,130.2,Yes,4,No
T000755,46.9,20,Electronics,81.9,Yes,3,No
T000756,54.82,8,Electronics,347.6,Yes,3,No
T000757,103.62,19,Online,89.4,Yes,1,No
T000758,21.17,6,Travel,96.1,Yes,2,No
T000759,110.69,1,Electronics,421.6,Yes,3,No
T000760,22.77,0,Travel,216.9,Yes,2,No
T000761,126.63,14,Gas,170.0,Yes,3,No
T000762,40.29,7,Online,34.3,Yes,4,No
T000763,8.88,3,Online,308.3,Yes,1,No
T000764,76.74,4,Electronics,208.6,Yes,0,No
T000765,37.07,12,Online,168.7,Yes,0,No
T000766,119.8,13,Groceries,12.4,Yes,1,No
T000767,101.68,5,Electronics,89.3,Yes,1,No
T000768,159.5,6,Gas,110.5,Yes,3,No
T000769,96.58,8,Travel,58.7,Yes,2,No
T000770,147.55,22,Travel,183.7,Yes,2,No
T000771,154.96,17,Electronics,241.8,Yes,3,No
T000772,166.17,20,Online,46.6,Yes,2,No
T000773,18.13,16,Travel,66.3,Yes,5,No
T000774,116.55,11,Gas,105.6,Yes,3,No
T000775,357.01,15,Groceries,23.3,Yes,5,No
T000776,32.8,17,Travel,300.3,Yes,5,No
T000777,101.88,15,Electronics,283.3,No,0,No
T000778,272.72,20,Groceries,115.9,Yes,4,No
T000779,120.36,7,Gas,67.1,Yes,2,No
T000780,27.82,10,Gas,589.3,No,1,Yes
T000781,45.75,6,Groceries,400.7,Yes,0,No
T000782,223.11,14,Groceries,35.6,Yes,1,No
T000783,23.12,1,Travel,272.6,Yes,3,Yes
T000784,136.95,12,Online,36.5,Yes,1,No
T000785,157.24,13,Gas,150.0,No,1,No
T000786,98.28,15,Groceries,140.6,Yes,2,No
T000787,111.9,0,Electronics,85.4,No,6,No
T000788,71.76,5,Travel,131.8,Yes,1,No
T000789,80.95,2,Electronics,272.3,Yes,3,No
T000790,65.77,22,Gas,287.0,Yes,0,No
T000791,64.51,7,Groceries,124.0,Yes,3,No
T000792,12.85,4,Travel,226.8,No,1,No
T000793,63.45,18,Online,530.2,No,1,No
T000794,126.8,0,Gas,97.7,Yes,5,No
T000795,53.1,3,Gas,245.6,Yes,0,No
T000796,35.57,23,Travel,108.3,Yes,0,No
T000797,101.55,9,Gas,132.1,No,0,No
T000798,15.24,20,Travel,19.4,Yes,1,No
T000799,6.14,4,Gas,419.3,Yes,4,No
T000800,66.33,23,Groceries,41.8,Yes,2,No
T000801,25.49,5,Electronics,413.3,No,3,Yes
T000802,13.85,11,Electronics,155.2,Yes,3,No
T000803,39.88,13,Online,321.4,No,2,No
T000804,41.92,8,Electronics,149.5,Yes,1,No
T000805,176.47,2,Online,126.6,Yes,1,No
T000806,63.65,1,Gas,255.1,Yes,6,No
T000807,123.61,6,Travel,50.7,Yes,0,No
T000808,126.82,14,Groceries,104.4,Yes,4,No
T000809,77.85,12,Gas,282.7,Yes,1,No
T000810,87.56,10,Gas,141.3,Yes,0,No
T000811,37.97,20,Travel,24.9,Yes,0,No
T000812,43.94,18,Electronics,335.5,Yes,4,No
T000813,75.61,10,Groceries,22.7,No,1,Yes
T000814,71.26,22,Travel,112.0,No,2,No
T000815,1441.16,20,Online,0.3,Yes,5,No
T000816,88.13,23,Electronics,70.2,Yes,3,No
T000817,29.16,16,Travel,219.0,No,3,No
T000818,18.47,6,Electronics,66.4,Yes,3,No
T000819,13.0,20,Travel,292.0,No,2,No
T000820,232.35,5,Travel,19.1,Yes,1,No
T000821,21.86,12,Electronics,161.4,Yes,4,No
T000822,127.24,8,Gas,78.2,No,1,No
T000823,126.32,23,Groceries,529.3,No,1,Yes
T000824,24.24,13,Electronics,32.5,Yes,1,No
T000825,84.26,19,Gas,290.1,No,0,No
T000826,149.94,17,Online,105.6,No,0,No
T000827,9.03,14,Groceries,274.8,Yes,2,No
T000828,102.59,21,Groceries,231.1,Yes,4,No
T000829,186.63,22,Electronics,104.0,No,2,No
T000830,49.02,1,Groceries,509.3,Yes,5,Yes
T000831,32.38,7,Groceries,491.7,Yes,4,No
T000832,34.64,1,Online,207.6,Yes,2,No
T000833,4.4,14,Gas,75.5,No,4,No
T000834,24.34,5,Travel,229.4,Yes,1,No
T000835,83.59,7,Travel,322.9,No,2,No
T000836,14.37,22,Groceries,206.6,No,1,No
T000837,51.33,7,Electronics,332.6,Yes,4,No
T000838,137.39,18,Online,99.5,No,3,No
T000839,45.87,23,Travel,61.0,Yes,0,No
T000840,134.35,8,Gas,80.9,Yes,4,No
T000841,16.65,20,Travel,309.0,Yes,3,No
T000842,39.42,9,Gas,109.0,Yes,3,No
T000843,224.36,14,Gas,158.9,Yes,4,No
T000844,22.79,0,Online,82.7,Yes,2,No
T000845,48.33,8,Electronics,509.2,Yes,3,No
T000846,2362.54,10,Online,460.1,No,2,No
T000847,105.45,18,Gas,207.7,Yes,2,No
T000848,63.08,9,Electronics,259.9,Yes,1,No
T000849,12.24,13,Travel,45.1,Yes,4,No
T000850,33.38,21,Gas,378.1,Yes,3,No
T000851,36.35,6,Travel,270.5,Yes,0,No
T000852,16.63,20,Gas,99.6,Yes,4,No
T000853,23.94,14,Electronics,83.1,Yes,4,No
T000854,86.22,4,Online,248.4,No,2,No
T000855,23.52,1,Gas,18.2,Yes,3,No
T000856,71.86,23,Online,8.0,Yes,4,No
T000857,10.48,7,Travel,230.4,Yes,4,No
T000858,14.19,5,Electronics,130.2,Yes,1,No
T000859,275.23,23,Online,83.6,No,6,Yes
T000860,135.06,4,Groceries,262.9,No,1,No
T000861,98.17,21,Electronics,30.1,No,1,No
T000862,103.57,14,Travel,95.5,No,3,No
T000863,39.01,8,Groceries,271.4,Yes,1,No
T000864,134.0,11,Gas,244.6,Yes,1,No
T000865,27.13,2,Online,42.7,Yes,5,Yes
T000866,123.46,18,Gas,9.2,No,2,Yes
T000867,30.19,6,Electronics,288.8,Yes,1,No
T000868,110.68,14,Travel,92.6,Yes,0,No
T000869,89.28,17,Gas,153.5,No,1,No
T000870,82.81,9,Groceries,89.8,No,2,No
T000871,10.97,0,Travel,147.6,Yes,2,No
T000872,24.29,17,Travel,457.2,No,1,Yes
T000873,147.31,19,Gas,204.9,No,2,Yes
T000874,43.07,2,Electronics,310.5,Yes,3,No
T000875,44.72,4,Electronics,16.9,Yes,4,No
T000876,36.94,0,Online,452.5,Yes,1,No
T000877,153.1,16,Electronics,197.4,Yes,3,No
T000878,65.75,16,Electronics,64.0,No,5,Yes
T000879,39.87,0,Gas,162.0,Yes,0,No
T000880,28.39,4,Gas,416.5,Yes,3,No
T000881,47.66,14,Groceries,359.7,No,0,No
T000882,39.6,8,Groceries,46.6,Yes,1,No
T000883,149.4,9,Electronics,129.7,Yes,2,No
T000884,63.11,10,Online,173.1,No,0,No
T000885,44.73,22,Groceries,191.8,No,1,No
T000886,1.33,11,Electronics,50.9,Yes,3,No
T000887,49.89,21,Groceries,15.5,Yes,1,No
T000888,70.89,7,Electronics,415.5,Yes,2,No
T000889,14.41,18,Gas,67.0,Yes,1,No
T000890,173.05,3,Gas,77.0,Yes,2,No
T000891,23.77,23,Travel,228.7,Yes,3,No
T000892,17.01,1,Gas,143.0,No,3,No
T000893,19.82,13,Travel,174.5,Yes,4,No
T000894,23.92,9,Electronics,125.9,Yes,2,No
T000895,43.04,13,Online,166.4,No,1,No
T000896,34.08,16,Travel,232.5,No,1,No
T000897,47.24,9,Online,195.7,No,2,No
T000898,33.58,6,Groceries,395.2,No,2,No
T000899,31.0,6,Online,129.6,Yes,2,No
T000900,5.74,19,Electronics,169.3,Yes,4,No
T000901,73.01,9,Gas,314.5,No,2,No
T000902,77.69,3,Groceries,340.4,Yes,2,No
T000903,180.19,20,Gas,124.8,Yes,0,No
T000904,20.14,15,Online,190.7,No,0,No
T000905,105.91,12,Gas,133.7,Yes,4,No
T000906,58.61,20,Travel,5.7,Yes,2,No
T000907,197.4,16,Electronics,28.4,Yes,5,No
T000908,124.62,9,Online,154.1,Yes,0,No
T000909,190.36,14,Electronics,288.3,No,3,No
T000910,66.33,20,Travel,114.9,Yes,4,No
T000911,56.33,4,Online,239.9,Yes,2,No
T000912,102.48,19,Travel,290.5,Yes,2,No
T000913,214.62,21,Travel,178.9,Yes,3,No
T000914,55.18,1,Gas,3.8,Yes,2,No
T000915,29.09,21,Groceries,107.2,No,2,No
T000916,81.35,3,Groceries,40.1,Yes,3,No
T000917,74.33,15,Online,109.8,Yes,0,Yes
T000918,18.63,12,Online,263.7,Yes,1,No
T000919,20.54,3,Electronics,270.7,Yes,1,No
T000920,36.02,1,Online,412.0,Yes,1,No
T000921,36.77,7,Electronics,42.3,No,2,No
T000922,88.67,20,Groceries,12.1,Yes,0,No
T000923,95.36,9,Travel,108.0,Yes,3,No
T000924,25.09,9,Gas,76.7,Yes,5,No
T000925,19.45,11,Gas,112.0,Yes,1,No
T000926,15.53,15,Travel,415.0,Yes,2,No
T000927,22.41,1,Groceries,211.6,Yes,1,No
T000928,61.17,8,Groceries,311.6,No,6,No
T000929,116.05,17,Electronics,375.7,Yes,2,No
T000930,65.73,15,Electronics,393.2,Yes,1,No
T000931,74.7,2,Electronics,22.0,Yes,4,No
T000932,15.21,5,Electronics,153.8,Yes,1,No
T000933,127.38,22,Gas,225.2,Yes,2,No
T000934,74.97,3,Online,44.2,Yes,1,No
T000935,73.84,12,Travel,159.6,Yes,0,No
T000936,50.56,19,Travel,91.2,No,3,Yes
T000937,76.8,2,Gas,393.7,No,3,No
T000938,55.18,15,Travel,200.2,Yes,1,No
T000939,46.97,19,Online,65.9,Yes,1,No
T000940,196.46,11,Gas,343.8,Yes,1,No
T000941,33.81,14,Online,118.3,No,0,No
T000942,67.44,2,Gas,56.2,Yes,4,Yes
T000943,25.76,0,Online,156.3,Yes,4,No
T000944,91.84,16,Travel,318.0,No,2,No
T000945,33.77,4,Travel,90.6,Yes,4,No
T000946,78.31,0,Gas,7.9,No,2,No
T000947,61.16,23,Travel,67.0,Yes,1,No
T000948,23.07,11,Gas,21.3,No,2,No
T000949,637.37,14,Travel,18.9,Yes,1,No
T000950,34.75,1,Groceries,134.5,Yes,1,Yes
T000951,94.44,9,Online,129.9,Yes,3,No
T000952,101.62,12,Groceries,322.2,Yes,2,No
T000953,16.11,9,Travel,125.1,Yes,3,No
T000954,73.77,16,Gas,47.6,Yes,1,No
T000955,30.61,22,Travel,370.9,Yes,1,No
T000956,24.35,14,Groceries,169.5,No,1,No
T000957,34.55,13,Travel,149.5,No,2,No
T000958,2141.6,13,Online,377.9,No,4,No
T000959,93.05,3,Groceries,331.2,No,2,No
T000960,27.68,3,Online,48.4,Yes,1,Yes
T000961,52.79,5,Electronics,40.0,Yes,0,No
T000962,128.46,20,Travel,314.4,Yes,1,No
T000963,205.51,7,Gas,48.6,No,4,No
T000964,82.67,13,Groceries,52.3,No,1,No
T000965,34.43,20,Travel,220.8,Yes,2,No
T000966,98.62,20,Electronics,84.6,Yes,4,No
T000967,21.97,18,Electronics,15.4,Yes,1,No
T000968,18.88,1,Electronics,340.7,Yes,3,No
T000969,272.57,0,Travel,6.2,No,2,No
T000970,19.6,8,Online,507.0,Yes,0,No
T000971,76.99,7,Online,69.0,Yes,1,No
T000972,426.68,6,Online,243.7,Yes,2,No
T000973,142.49,9,Travel,39.9,Yes,2,No
T000974,8.82,0,Groceries,114.5,Yes,0,No
T000975,127.91,5,Groceries,207.2,Yes,4,No
T000976,17.78,22,Gas,162.7,Yes,2,No
T000977,25.51,5,Travel,138.3,No,1,No
T000978,144.09,6,Electronics,114.9,Yes,0,No
T000979,171.27,10,Groceries,9.5,Yes,3,No
T000980,144.11,6,Electronics,101.9,No,3,No
T000981,667.76,19,Groceries,62.4,Yes,1,No
T000982,228.81,12,Electronics,108.1,Yes,2,No
T000983,126.49,23,Gas,39.7,Yes,1,No
T000984,57.33,0,Groceries,85.7,No,1,No
T000985,122.62,7,Gas,178.4,No,1,No
T000986,480.93,6,Online,41.9,Yes,2,No
T000987,92.77,11,Online,138.4,Yes,1,No
T000988,47.13,0,Travel,351.0,No,3,No
T000989,17.19,21,Groceries,222.2,Yes,0,No
T000990,45.15,12,Travel,77.6,Yes,1,No
T000991,209.81,4,Groceries,245.7,Yes,2,No
T000992,200.92,23,Travel,180.1,Yes,1,No
T000993,136.23,13,Groceries,289.9,Yes,2,No
T000994,28.34,15,Gas,14.4,No,0,Yes
T000995,84.04,23,Electronics,137.6,Yes,3,No
T000996,33.15,11,Travel,107.2,No,2,No
T000997,11.06,4,Groceries,349.3,Yes,1,No
T000998,93.57,17,Gas,75.7,No,1,No
T000999,9.21,5,Groceries,175.0,Yes,1,No
T001000,43.94,16,Travel,121.0,Yes,1,No
T001001,83.86,3,Groceries,69.8,No,0,Yes
T001002,42.28,18,Electronics,302.3,No,1,No
T001003,63.91,10,Gas,71.8,Yes,5,No
T001004,165.1,19,Travel,346.2,Yes,0,No
T001005,34.42,10,Electronics,139.1,No,2,No
T001006,24.37,22,Groceries,393.1,No,2,No
T001007,487.14,7,Gas,84.0,Yes,1,No
T001008,17.46,8,Travel,65.6,No,3,No
T001009,232.06,13,Online,15.3,Yes,3,No
T001010,4.09,12,Travel,0.5,Yes,2,No
T001011,181.08,8,Electronics,124.8,No,1,No
T001012,38.41,12,Groceries,119.1,No,3,No
T001013,71.6,17,Groceries,321.0,Yes,3,No
T001014,31.99,8,Travel,160.5,Yes,1,No
T001015,28.63,18,Gas,86.9,Yes,4,No
T001016,61.46,3,Gas,547.7,Yes,3,No
T001017,74.88,13,Groceries,131.6,No,5,No
T001018,21.92,5,Gas,88.2,Yes,3,No
T001019,94.29,1,Travel,177.9,No,0,No
T001020,69.28,5,Travel,57.0,No,2,No
T001021,158.66,23,Electronics,129.9,Yes,1,No
T001022,20.73,3,Online,167.5,No,1,Yes
T001023,15.59,2,Gas,126.4,Yes,0,Yes
T001024,167.57,8,Electronics,209.8,Yes,0,No
T001025,8.79,21,Gas,296.2,Yes,3,No
T001026,204.6,14,Gas,215.7,Yes,5,No
T001027,77.93,4,Gas,332.7,Yes,0,No
T001028,43.09,20,Groceries,367.6,Yes,1,No
T001029,89.38,16,Groceries,187.6,Yes,1,No
T001030,166.35,12,Travel,298.0,No,0,No
T001031,68.77,6,Groceries,429.6,No,3,No
T001032,192.35,18,Electronics,248.7,Yes,2,No
T001033,162.16,18,Electronics,240.2,Yes,2,No
T001034,130.46,6,Travel,414.4,Yes,4,No
T001035,17.19,7,Online,8.6,Yes,2,No
T001036,10.94,10,Travel,51.7,Yes,0,No
T001037,7.44,21,Gas,153.5,Yes,2,No
T001038,17.69,0,Groceries,198.6,No,3,No
T001039,150.2,23,Electronics,19.8,Yes,3,No
T001040,185.96,5,Groceries,251.7,No,4,No
T001041,49.09,0,Travel,52.3,No,2,No
T001042,73.68,1,Gas,211.5,Yes,1,No
T001043,11.91,7,Gas,252.4,Yes,3,No
T001044,62.18,22,Online,304.6,Yes,1,No
T001045,21.05,11,Travel,100.7,Yes,5,No
T001046,55.36,16,Electronics,295.6,No,2,No
T001047,100.78,4,Electronics,239.6,No,3,No
T001048,12.31,12,Gas,69.7,Yes,1,No
T001049,59.79,1,Travel,119.0,Yes,4,No
T001050,188.11,18,Electronics,58.7,No,3,No
T001051,38.79,21,Travel,211.6,Yes,4,No
T001052,15.29,21,Gas,404.9,Yes,1,No
T001053,124.24,2,Electronics,10.8,No,1,No
T001054,102.42,19,Electronics,15.8,No,2,Yes
T001055,34.81,18,Online,211.6,Yes,2,No
T001056,22.48,14,Electronics,162.0,No,2,No
T001057,59.0,17,Gas,164.5,No,3,No
T001058,550.33,5,Gas,46.5,Yes,3,No
T001059,35.52,22,Travel,92.8,Yes,0,No
T001060,30.11,6,Travel,121.4,Yes,4,No
T001061,65.93,10,Groceries,284.7,No,0,Yes
T001062,39.27,10,Groceries,141.9,Yes,1,No
T001063,93.63,16,Groceries,289.7,Yes,3,No
T001064,10.65,10,Groceries,247.3,Yes,1,No
T001065,182.54,19,Electronics,2.3,Yes,4,No
T001066,74.15,11,Gas,64.0,Yes,2,No
T001067,279.65,9,Gas,107.5,Yes,1,No
T001068,83.64,2,Online,122.2,No,4,Yes
T001069,79.08,19,Travel,97.2,Yes,2,No
T001070,30.96,20,Online,22.1,Yes,1,No
T001071,19.62,11,Groceries,198.3,No,3,No
T001072,75.63,19,Gas,143.1,Yes,0,No
T001073,52.06,7,Gas,32.1,Yes,5,No
T001074,34.19,6,Groceries,46.4,Yes,2,No
T001075,103.64,13,Groceries,87.3,No,2,No
T001076,15.05,10,Online,214.8,No,1,No
T001077,25.67,3,Travel,179.3,Yes,3,No
T001078,30.37,19,Travel,65.6,Yes,2,No
T001079,14.87,6,Groceries,161.3,Yes,0,No
T001080,25.74,7,Travel,523.0,Yes,2,Yes
T001081,10.29,8,Electronics,60.9,Yes,1,No
T001082,54.85,16,Gas,60.0,Yes,0,No
T001083,360.09,16,Groceries,91.8,Yes,0,No
T001084,75.8,9,Travel,8.7,Yes,5,No
T001085,53.23,3,Gas,552.0,Yes,2,No
T001086,38.39,12,Travel,93.3,Yes,0,No
T001087,176.19,13,Gas,237.8,Yes,2,No
T001088,54.11,9,Electronics,36.4,No,1,No
T001089,105.11,9,Gas,550.1,No,1,No
T001090,27.49,13,Gas,78.8,No,1,No
T001091,499.48,19,Electronics,138.6,Yes,3,No
T001092,56.07,7,Gas,145.3,Yes,0,No
T001093,19.45,0,Electronics,150.2,Yes,0,No
T001094,150.88,12,Online,210.4,Yes,2,No
T001095,180.18,18,Travel,195.3,Yes,5,No
T001096,123.78,22,Travel,128.8,Yes,3,No
T001097,26.4,1,Travel,230.2,No,0,No
T001098,19.66,11,Online,198.3,Yes,2,No
T001099,60.59,7,Online,62.8,Yes,1,No
T001100,15.24,20,Travel,245.9,Yes,3,No
T001101,67.55,16,Online,140.3,Yes,1,No
T001102,31.58,10,Gas,390.1,Yes,3,No
T001103,140.49,17,Travel,59.2,No,6,No
T001104,29.26,0,Gas,100.5,Yes,4,No
T001105,219.34,10,Gas,223.5,Yes,4,Yes
T001106,45.74,7,Travel,20.9,Yes,1,No
T001107,3.0,10,Online,112.6,Yes,1,No
T001108,24.13,9,Gas,90.5,Yes,3,No
T001109,22.57,5,Online,87.8,Yes,1,Yes
T001110,60.82,11,Travel,179.3,No,2,Yes
T001111,28.7,17,Travel,65.0,No,3,No
T001112,347.0,13,Gas,23.5,No,1,No
T001113,188.82,13,Travel,61.2,Yes,3,No
T001114,16.06,3,Electronics,90.7,Yes,3,Yes
T001115,23.77,0,Groceries,279.4,No,3,Yes
T001116,117.38,18,Online,96.9,Yes,2,No
T001117,4.83,17,Travel,17.5,Yes,3,No
T001118,234.9,10,Electronics,172.5,Yes,2,No
T001119,48.42,6,Online,206.1,Yes,1,No
T001120,122.93,4,Online,30.7,Yes,2,No
T001121,123.0,19,Electronics,161.1,No,3,No
T001122,158.01,4,Online,159.5,Yes,4,No
T001123,31.04,12,Online,377.4,Yes,2,No
T001124,114.15,23,Online,89.8,No,2,No
T001125,91.45,14,Electronics,122.8,No,3,No
T001126,20.53,14,Groceries,284.3,No,2,No
T001127,101.58,7,Travel,211.9,Yes,1,No
T001128,4.33,4,Gas,48.0,Yes,6,No
T001129,513.04,23,Groceries,90.5,No,4,No
T001130,74.91,7,Groceries,371.0,No,0,No
T001131,82.2,21,Gas,102.1,Yes,3,Yes
T001132,67.29,14,Travel,39.3,Yes,3,No
T001133,118.14,3,Electronics,56.3,Yes,3,No
T001134,342.1,17,Electronics,243.5,Yes,3,No
T001135,150.42,1,Travel,103.0,Yes,0,No
T001136,178.43,23,Gas,115.8,Yes,2,No
T001137,40.07,8,Groceries,243.0,Yes,0,No
T001138,465.17,12,Travel,1.2,Yes,2,No
T001139,82.5,22,Gas,26.4,Yes,1,No
T001140,30.31,1,Online,287.0,Yes,1,Yes
T001141,44.42,17,Electronics,266.1,No,1,No
T001142,5.22,4,Gas,322.2,Yes,3,No
T001143,136.41,1,Gas,276.6,Yes,1,Yes
T001144,164.23,19,Groceries,211.5,Yes,1,No
T001145,8.46,13,Gas,44.4,No,5,No
T001146,260.21,18,Groceries,196.1,Yes,3,No
T001147,61.87,8,Electronics,97.2,Yes,3,No
T001148,119.88,0,Gas,66.9,Yes,0,Yes
T001149,100.95,14,Electronics,373.8,Yes,1,No
T001150,81.36,11,Online,285.3,No,2,No
T001151,62.15,4,Online,399.8,Yes,1,No
T001152,11.62,12,Travel,213.6,No,1,No
T001153,33.29,2,Electronics,129.4,No,3,No
T001154,224.81,4,Groceries,194.6,Yes,4,No
T001155,8.86,3,Gas,73.5,Yes,2,No
T001156,106.33,18,Travel,365.3,Yes,2,No
T001157,142.99,8,Electronics,52.3,Yes,2,No
T001158,14.51,4,Online,3.7,Yes,2,No
T001159,242.88,3,Gas,15.9,Yes,3,No
T001160,149.31,7,Electronics,12.4,No,3,No
T001161,237.14,17,Travel,166.7,Yes,4,No
T001162,116.72,11,Electronics,113.6,Yes,1,No
T001163,69.65,21,Groceries,148.2,Yes,1,No
T001164,36.42,2,Gas,382.5,Yes,1,No
T001165,443.87,3,Gas,274.6,Yes,2,No
T001166,135.31,9,Groceries,134.4,Yes,1,Yes
T001167,123.55,23,Electronics,250.7,Yes,2,No
T001168,81.91,12,Online,290.0,Yes,5,No
T001169,32.05,15,Electronics,10.4,No,2,No
T001170,19.18,23,Electronics,420.3,No,1,No
T001171,9.47,23,Gas,36.3,Yes,2,No
T001172,26.62,8,Gas,44.0,No,3,Yes
T001173,58.81,18,Groceries,176.2,No,3,No
T001174,139.04,10,Electronics,4.6,Yes,3,No
T001175,40.39,7,Gas,103.4,Yes,2,No
T001176,38.25,21,Gas,117.8,Yes,4,No
T001177,18.0,7,Gas,184.6,Yes,3,No
T001178,109.54,1,Groceries,144.1,Yes,0,Yes
T001179,80.5,18,Online,209.1,Yes,1,No
T001180,17.15,17,Online,22.3,No,1,No
T001181,61.35,19,Gas,277.6,No,2,No
T001182,89.94,14,Online,267.2,Yes,3,No
T001183,56.62,16,Online,86.6,No,2,No
T001184,44.66,21,Gas,56.3,Yes,1,No
T001185,25.92,6,Gas,198.8,Yes,2,No
T001186,76.8,19,Travel,98.8,Yes,2,No
T001187,25.6,18,Gas,159.6,No,1,Yes
T001188,96.14,13,Online,179.0,Yes,2,No
T001189,55.56,22,Travel,104.6,Yes,1,No
T001190,31.25,5,Online,366.6,Yes,2,No
T001191,2.36,17,Travel,172.2,No,0,No
T001192,802.24,10,Gas,120.9,Yes,2,No
T001193,40.66,18,Online,173.1,Yes,6,No
T001194,17.03,14,Online,133.4,Yes,4,No
T001195,21.36,1,Electronics,387.2,Yes,1,No
T001196,28.0,23,Online,212.6,Yes,5,No
T001197,86.55,6,Gas,263.6,Yes,1,No
T001198,140.86,20,Gas,286.8,No,3,No
T001199,55.31,15,Travel,132.2,Yes,0,No
T001200,135.86,5,Online,30.5,Yes,2,No
T001201,142.3,14,Gas,164.3,Yes,2,No
T001202,64.72,23,Online,220.9,Yes,1,No
T001203,37.71,12,Groceries,201.1,No,2,No
T001204,29.06,16,Online,72.6,No,4,No
T001205,37.15,0,Electronics,85.0,Yes,3,No
T001206,74.97,18,Groceries,207.1,Yes,2,No
T001207,155.57,19,Travel,47.6,Yes,2,No
T001208,266.02,1,Groceries,115.4,Yes,0,No
T001209,9.86,20,Groceries,120.6,Yes,2,No
T001210,65.72,9,Online,162.9,Yes,1,No
T001211,26.04,11,Electronics,233.0,Yes,2,No
T001212,125.82,17,Online,97.8,Yes,2,No
T001213,19.73,5,Groceries,116.2,Yes,1,No
T001214,149.1,14,Travel,43.7,No,2,No
T001215,222.09,6,Online,235.1,Yes,1,No
T001216,4.2,19,Electronics,216.2,No,3,No
T001217,250.74,6,Gas,215.3,Yes,3,No
T001218,48.44,5,Groceries,194.8,Yes,1,No
T001219,29.33,22,Groceries,24.4,Yes,1,No
T001220,42.54,5,Electronics,425.8,Yes,2,No
T001221,50.78,15,Online,25.3,Yes,3,No
T001222,74.77,15,Groceries,232.0,No,2,No
T001223,119.75,22,Gas,75.5,Yes,3,No
T001224,60.92,0,Groceries,111.2,No,2,No
T001225,45.43,11,Travel,131.3,No,1,No
T001226,28.32,7,Online,206.3,Yes,0,No
T001227,133.8,22,Travel,54.3,No,2,No
T001228,34.45,20,Electronics,288.5,No,3,No
T001229,35.73,9,Electronics,237.6,No,1,No
T001230,44.34,3,Electronics,61.0,Yes,1,No
T001231,8.5,2,Electronics,109.7,Yes,2,No
T001232,432.56,19,Groceries,106.2,No,1,Yes
T001233,42.05,5,Gas,30.9,Yes,3,No
T001234,48.86,1,Electronics,196.3,Yes,3,No
T001235,25.05,2,Gas,247.0,Yes,4,No
T001236,36.83,19,Electronics,90.0,No,3,No
T001237,68.21,21,Electronics,149.6,No,2,No
T001238,12.83,15,Electronics,262.2,No,5,No
T001239,35.11,18,Online,325.1,Yes,5,No
T001240,21.85,1,Online,19.7,Yes,2,Yes
T001241,146.77,2,Online,139.8,Yes,3,No
T001242,208.78,15,Groceries,24.2,No,2,No
T001243,75.43,13,Electronics,203.2,Yes,1,No
T001244,40.61,22,Online,219.4,Yes,1,No
T001245,40.03,0,Online,3.8,Yes,5,No
T001246,580.26,19,Groceries,18.3,Yes,1,Yes
T001247,180.27,6,Electronics,168.5,No,2,No
T001248,188.56,10,Electronics,295.6,Yes,4,No
T001249,27.67,8,Online,195.3,Yes,7,No
T001250,54.49,10,Travel,352.6,No,0,No
T001251,52.39,5,Travel,142.2,Yes,0,No
T001252,12.33,19,Online,300.8,No,4,No
T001253,67.84,4,Online,123.0,Yes,5,No
T001254,321.44,19,Electronics,12.5,Yes,0,No
T001255,108.83,9,Gas,84.2,No,1,No
T001256,45.74,23,Online,536.9,Yes,2,Yes
T001257,131.1,1,Online,19.2,No,0,No
T001258,345.57,4,Travel,380.0,Yes,0,No
T001259,25.27,18,Travel,211.7,No,2,No
T001260,53.65,11,Online,185.1,No,1,No
T001261,7.78,14,Groceries,185.6,No,3,No
T001262,28.45,20,Travel,75.7,Yes,2,No
T001263,189.23,9,Electronics,230.9,Yes,3,No
T001264,168.94,12,Groceries,28.2,Yes,4,No
T001265,244.31,23,Travel,88.3,Yes,0,No
T001266,204.67,1,Groceries,608.6,Yes,2,No
T001267,156.43,10,Travel,213.3,Yes,4,No
T001268,30.84,3,Travel,163.7,Yes,2,No
T001269,9.2,8,Gas,43.3,Yes,2,No
T001270,80.74,15,Gas,326.7,Yes,1,No
T001271,45.29,11,Gas,102.7,Yes,3,No
T001272,304.97,11,Electronics,181.9,Yes,2,No
T001273,7.04,7,Groceries,308.0,Yes,1,No
T001274,71.49,19,Electronics,213.2,No,3,No
T001275,46.13,3,Electronics,425.2,Yes,3,Yes
T001276,31.76,9,Online,128.9,No,2,No
T001277,13.93,8,Online,58.8,No,1,No
T001278,143.88,12,Gas,139.6,No,0,Yes
T001279,33.15,13,Groceries,33.3,Yes,2,No
T001280,48.99,3,Electronics,120.5,Yes,3,Yes
T001281,5.46,10,Groceries,173.7,Yes,2,No
T001282,176.82,12,Electronics,144.6,Yes,2,No
T001283,67.04,7,Travel,80.5,Yes,3,No
T001284,83.61,19,Electronics,161.7,No,2,No
T001285,28.82,18,Travel,17.8,Yes,2,No
T001286,59.09,4,Online,25.1,Yes,3,No
T001287,45.63,8,Gas,72.7,No,0,No
T001288,468.87,5,Gas,176.0,Yes,0,No
T001289,294.16,22,Travel,16.3,Yes,4,No
T001290,232.83,22,Electronics,647.3,No,4,No
T001291,49.62,13,Electronics,64.5,No,5,No
T001292,53.66,14,Groceries,299.3,Yes,2,No
T001293,33.96,16,Groceries,94.4,Yes,0,No
T001294,45.7,0,Gas,45.1,Yes,3,Yes
T001295,95.02,11,Online,54.7,Yes,5,No
T001296,39.35,16,Electronics,158.5,Yes,2,No
T001297,53.3,16,Electronics,227.6,Yes,1,No
T001298,259.01,6,Electronics,396.5,Yes,1,No
T001299,29.93,15,Gas,348.6,No,0,No
T001300,24.23,12,Online,49.2,Yes,0,No
T001301,6.83,16,Online,267.0,No,2,No
T001302,129.38,2,Gas,113.8,Yes,2,No
T001303,268.59,18,Electronics,15.6,Yes,0,No
T001304,259.83,14,Electronics,72.1,Yes,3,No
T001305,69.82,9,Electronics,6.1,Yes,0,No
T001306,30.72,12,Gas,148.2,Yes,2,No
T001307,380.32,22,Online,172.7,Yes,3,No
T001308,46.59,16,Electronics,12.7,Yes,1,No
T001309,65.66,18,Gas,166.9,Yes,2,No
T001310,16.38,14,Online,100.7,Yes,4,No
T001311,27.52,18,Online,92.1,Yes,2,No
T001312,60.65,10,Electronics,294.3,Yes,2,No
T001313,25.25,2,Electronics,177.4,No,4,No
T001314,10.46,14,Electronics,10.8,No,1,No
T001315,15.72,8,Online,68.7,Yes,2,No
T001316,21.12,23,Gas,26.1,Yes,0,No
T001317,56.54,20,Travel,208.2,Yes,5,No
T001318,118.68,6,Online,95.8,Yes,3,No
T001319,66.57,1,Electronics,110.5,No,3,No
T001320,96.54,14,Online,51.4,No,0,No
T001321,81.88,1,Groceries,34.5,Yes,1,No
T001322,42.32,16,Gas,27.9,No,3,No
T001323,34.18,21,Online,192.0,No,4,No
T001324,75.66,15,Electronics,155.7,No,4,No
T001325,53.39,12,Electronics,495.7,Yes,3,No
T001326,27.83,17,Electronics,386.3,Yes,1,No
T001327,119.58,3,Online,56.7,Yes,2,No
T001328,396.54,10,Online,33.7,No,1,No
T001329,23.6,15,Travel,208.6,No,0,No
T001330,89.46,14,Groceries,476.1,Yes,2,No
T001331,52.09,10,Travel,601.2,Yes,1,No
T001332,26.27,0,Gas,17.3,Yes,2,No
T001333,15.61,19,Gas,79.3,Yes,0,No
T001334,161.51,23,Online,352.3,Yes,2,No
T001335,59.31,10,Groceries,125.0,No,3,No
T001336,9.81,9,Gas,24.5,Yes,3,No
T001337,1217.72,11,Groceries,23.5,Yes,0,No
T001338,16.46,0,Electronics,40.6,Yes,4,No
T001339,69.05,10,Travel,72.6,Yes,2,No
T001340,17.72,8,Gas,108.4,Yes,3,No
T001341,104.86,21,Gas,135.8,Yes,0,No
T001342,72.99,17,Electronics,30.6,Yes,3,No
T001343,46.07,22,Groceries,293.4,Yes,2,No
T001344,105.48,12,Travel,379.5,Yes,0,No
T001345,66.84,6,Online,147.5,No,1,Yes
T001346,62.14,12,Travel,39.8,Yes,2,Yes
T001347,49.55,0,Online,571.9,No,2,Yes
T001348,63.89,4,Gas,123.7,Yes,5,No
T001349,97.7,18,Online,57.6,No,6,No
T001350,898.29,2,Gas,70.8,No,2,No
T001351,63.67,5,Groceries,66.4,No,1,No
T001352,47.41,11,Groceries,317.3,No,2,No
T001353,204.24,23,Online,47.0,Yes,1,No
T001354,119.0,15,Groceries,176.3,Yes,3,No
T001355,69.22,8,Travel,220.9,No,1,No
T001356,57.26,13,Electronics,404.5,Yes,2,No
T001357,89.28,21,Gas,155.3,No,1,No
T001358,37.53,13,Travel,128.6,No,3,No
T001359,24.92,3,Electronics,192.8,Yes,3,Yes
T001360,37.67,5,Electronics,63.2,Yes,0,No
T001361,28.75,23,Groceries,114.9,Yes,1,No
T001362,19.7,22,Electronics,42.9,Yes,1,No
T001363,83.4,10,Online,35.7,Yes,2,No
T001364,19.12,11,Electronics,282.1,Yes,3,No
T001365,21.14,16,Gas,117.5,No,2,No
T001366,28.65,12,Electronics,301.1,No,0,No
T001367,351.49,8,Gas,113.0,Yes,3,No
T001368,60.77,21,Electronics,389.3,Yes,2,No
T001369,20.35,9,Travel,101.2,Yes,1,No
T001370,44.14,14,Electronics,101.0,Yes,3,No
T001371,28.52,9,Electronics,190.3,Yes,5,No
T001372,67.83,12,Electronics,7.5,Yes,1,No
T001373,27.33,1,Travel,318.3,No,4,No
T001374,56.78,11,Electronics,492.5,No,3,Yes
T001375,152.02,11,Online,83.9,Yes,0,No
T001376,352.91,23,Groceries,257.8,Yes,2,No
T001377,65.89,6,Online,110.8,No,1,No
T001378,265.82,13,Groceries,322.7,Yes,2,No
T001379,9.36,2,Electronics,89.7,Yes,0,No
T001380,141.86,18,Travel,133.0,No,0,No
T001381,29.93,9,Online,198.3,No,4,No
T001382,93.38,14,Gas,161.5,No,3,No
T001383,129.18,3,Electronics,19.4,Yes,3,No
T001384,24.44,19,Online,18.6,No,3,No
T001385,98.39,21,Electronics,702.0,Yes,1,No
T001386,48.14,22,Travel,46.7,Yes,0,No
T001387,7.97,22,Electronics,38.2,Yes,5,No
T001388,34.75,18,Online,240.4,Yes,2,No
T001389,25.47,7,Online,138.4,No,2,No
T001390,9.37,20,Online,412.8,Yes,4,No
T001391,35.02,12,Gas,342.7,Yes,3,No
T001392,37.07,12,Groceries,348.1,No,2,No
T001393,34.44,10,Travel,183.9,No,0,No
T001394,136.35,9,Travel,112.7,Yes,1,No
T001395,170.85,11,Gas,80.1,Yes,2,No
T001396,45.41,13,Groceries,39.1,Yes,2,No
T001397,84.83,8,Gas,310.5,Yes,2,No
T001398,67.26,19,Travel,15.3,Yes,1,No
T001399,260.24,13,Groceries,194.0,Yes,0,No
T001400,55.94,6,Travel,222.3,Yes,0,No
T001401,54.33,12,Gas,154.9,Yes,3,No
T001402,40.15,22,Groceries,362.8,Yes,1,No
T001403,180.96,16,Groceries,412.5,Yes,0,No
T001404,18.22,9,Gas,193.0,Yes,4,No
T001405,28.53,12,Online,262.8,Yes,4,No
T001406,20.49,4,Travel,118.6,Yes,1,No
T001407,200.0,7,Travel,212.5,Yes,1,No
T001408,358.35,17,Travel,156.8,Yes,1,No
T001409,95.23,15,Gas,213.0,No,2,No
T001410,33.29,0,Gas,369.4,Yes,2,No
T001411,89.13,10,Gas,136.9,Yes,2,No
T001412,15.38,14,Gas,16.3,Yes,7,Yes
T001413,117.75,13,Electronics,94.9,No,1,No
T001414,518.49,17,Electronics,128.6,No,2,No
T001415,93.62,14,Groceries,0.5,Yes,4,No
T001416,76.26,3,Online,177.8,Yes,1,No
T001417,15.1,23,Online,11.5,Yes,2,No
T001418,190.34,3,Travel,54.6,Yes,1,No
T001419,96.0,7,Electronics,177.1,Yes,3,No
T001420,68.34,5,Electronics,195.4,Yes,1,No
T001421,23.68,10,Groceries,142.7,No,1,Yes
T001422,72.95,3,Travel,1.1,No,2,No
T001423,11.66,11,Groceries,343.9,Yes,1,No
T001424,185.34,19,Groceries,55.6,No,4,No
T001425,65.52,16,Gas,337.1,Yes,3,No
T001426,44.38,8,Groceries,14.7,Yes,2,No
T001427,42.0,2,Travel,350.8,No,1,No
T001428,77.38,9,Gas,4.7,Yes,2,No
T001429,7.19,6,Electronics,2.6,No,1,No
T001430,84.02,8,Online,424.9,No,0,No
T001431,10.46,0,Groceries,417.5,No,3,No
T001432,61.74,19,Groceries,363.9,Yes,4,No
T001433,65.69,9,Travel,36.3,No,4,No
T001434,22.34,21,Travel,171.6,No,3,No
T001435,49.36,19,Travel,21.5,Yes,2,No
T001436,21.65,5,Travel,49.9,Yes,3,No
T001437,130.21,7,Gas,255.5,Yes,5,No
T001438,41.15,20,Electronics,199.4,Yes,1,No
T001439,14.9,3,Travel,120.8,No,1,Yes
T001440,24.26,16,Online,210.1,Yes,8,Yes
T001441,43.38,8,Groceries,469.2,Yes,0,No
T001442,57.17,20,Travel,146.4,Yes,2,No
T001443,58.24,15,Electronics,121.8,No,3,No
T001444,138.38,10,Online,213.5,Yes,1,No
T001445,411.87,2,Groceries,37.4,Yes,1,No
T001446,56.86,10,Electronics,86.4,Yes,5,No
T001447,27.02,7,Groceries,246.9,Yes,1,No
T001448,290.17,20,Gas,99.6,Yes,1,No
T001449,297.61,19,Online,168.8,Yes,1,No
T001450,23.99,14,Travel,463.0,Yes,0,No
T001451,549.14,10,Gas,394.5,Yes,2,No
T001452,41.49,17,Gas,266.4,Yes,3,No
T001453,128.71,9,Gas,319.3,Yes,1,No
T001454,7.65,6,Online,67.0,No,1,No
T001455,40.07,6,Groceries,113.8,No,2,No
T001456,174.28,21,Travel,21.9,Yes,0,No
T001457,12.73,11,Online,200.2,Yes,2,No
T001458,27.15,11,Gas,83.6,Yes,4,No
T001459,141.68,4,Travel,167.7,No,3,No
T001460,65.05,6,Travel,106.2,Yes,0,No
T001461,51.55,6,Travel,319.2,Yes,4,No
T001462,35.9,8,Travel,2.9,No,1,No
T001463,46.38,21,Groceries,96.9,Yes,1,No
T001464,296.68,19,Groceries,203.6,No,0,No
T001465,47.36,14,Gas,102.6,No,1,No
T001466,78.46,20,Groceries,12.6,Yes,4,No
T001467,114.21,6,Groceries,232.5,No,1,No
T001468,178.75,3,Groceries,6.4,No,2,No
T001469,22.74,8,Online,32.4,Yes,1,No
T001470,53.49,12,Travel,61.5,Yes,0,No
T001471,12.21,9,Electronics,24.8,Yes,0,No
T001472,119.69,15,Gas,620.9,Yes,2,Yes
T001473,8.76,0,Groceries,5.5,Yes,3,No
T001474,7.27,15,Electronics,194.1,Yes,2,No
T001475,37.54,10,Online,45.7,No,4,No
T001476,61.67,22,Gas,70.3,Yes,3,No
T001477,36.01,21,Online,128.8,Yes,1,No
T001478,61.93,4,Electronics,382.9,Yes,2,No
T001479,71.65,7,Electronics,189.1,Yes,0,No
T001480,10.11,20,Gas,337.1,Yes,2,No
T001481,206.26,22,Groceries,13.8,Yes,2,No
T001482,91.45,1,Electronics,227.4,Yes,1,No
T001483,93.9,18,Online,75.8,Yes,1,No
T001484,146.41,0,Groceries,15.2,No,0,No
T001485,239.32,6,Electronics,122.3,Yes,4,No
T001486,13.34,3,Electronics,294.7,Yes,0,No
T001487,47.13,14,Gas,12.0,No,2,No
T001488,40.24,7,Travel,182.6,Yes,1,No
T001489,21.85,15,Online,236.8,No,1,Yes
T001490,228.06,20,Online,60.4,Yes,1,No
T001491,768.46,12,Travel,36.4,Yes,2,No
T001492,103.25,1,Groceries,71.4,Yes,1,Yes
T001493,41.17,13,Groceries,12.2,No,2,No
T001494,62.11,4,Electronics,71.3,Yes,0,No
T001495,130.93,15,Online,25.1,No,1,No
T001496,63.84,10,Online,246.9,Yes,2,No
T001497,6.47,6,Gas,61.6,Yes,1,No
T001498,97.29,5,Gas,553.8,Yes,2,Yes
T001499,48.43,0,Electronics,410.8,Yes,1,No
T001500,169.43,16,Gas,286.1,Yes,0,No
T001501,167.91,5,Groceries,370.0,Yes,0,No
T001502,27.55,9,Groceries,7.7,No,2,No
T001503,337.13,0,Electronics,91.2,Yes,4,No
T001504,16.41,8,Online,171.7,Yes,2,No
T001505,39.06,16,Gas,141.1,No,2,No
T001506,8.05,22,Electronics,85.1,Yes,1,No
T001507,4.32,20,Gas,92.9,Yes,3,No
T001508,58.5,21,Electronics,29.4,Yes,3,No
T001509,261.44,19,Gas,298.1,Yes,1,No
T001510,11.36,8,Travel,61.6,Yes,4,No
T001511,47.52,17,Gas,205.1,Yes,2,No
T001512,129.38,18,Travel,118.5,Yes,4,No
T001513,11.26,3,Electronics,211.0,Yes,3,Yes
T001514,15.27,4,Online,51.7,No,4,No
T001515,151.06,4,Travel,389.0,Yes,0,No
T001516,32.16,10,Gas,228.6,Yes,2,No
T001517,32.63,6,Electronics,115.6,Yes,4,No
T001518,19.57,0,Travel,144.6,No,2,Yes
T001519,51.63,4,Electronics,256.0,No,2,No
T001520,57.83,15,Groceries,162.5,No,2,No
T001521,29.85,21,Online,134.1,Yes,2,No
T001522,249.33,12,Gas,281.8,No,4,No
T001523,48.84,21,Groceries,148.0,No,4,No
T001524,24.94,20,Gas,72.0,Yes,0,No
T001525,150.71,22,Electronics,93.1,Yes,2,No
T001526,59.82,15,Electronics,14.9,No,0,No
T001527,84.34,12,Electronics,72.3,Yes,1,No
T001528,37.73,14,Electronics,180.2,Yes,3,No
T001529,68.94,17,Travel,99.4,Yes,3,No
T001530,117.45,16,Travel,56.7,Yes,3,No
T001531,8.71,10,Groceries,98.3,Yes,1,No
T001532,48.35,21,Groceries,209.5,Yes,2,No
T001533,27.86,19,Electronics,242.3,Yes,1,No
T001534,7.77,7,Groceries,22.5,No,1,No
T001535,295.37,17,Online,148.2,No,3,Yes
T001536,46.66,20,Gas,134.4,Yes,0,No
T001537,233.82,22,Groceries,170.4,Yes,5,No
T001538,33.0,11,Online,24.6,Yes,4,No
T001539,117.14,5,Online,169.4,No,3,No
T001540,41.07,19,Travel,186.6,Yes,2,No
T001541,34.64,7,Gas,282.6,No,2,No
T001542,8.76,11,Travel,515.8,No,2,No
T001543,91.55,11,Gas,113.8,Yes,4,No
T001544,84.67,23,Travel,168.7,Yes,4,No
T001545,31.33,12,Electronics,499.4,No,2,No
T001546,54.06,13,Gas,296.9,Yes,2,No
T001547,157.55,12,Online,377.3,Yes,2,No
T001548,53.13,7,Gas,210.3,Yes,2,No
T001549,138.87,23,Groceries,204.0,Yes,2,No
T001550,5.98,20,Travel,356.5,No,6,Yes
T001551,50.96,1,Electronics,190.4,No,3,No
T001552,53.0,0,Online,203.4,No,1,No
T001553,39.07,14,Online,105.6,No,3,No
T001554,66.76,16,Gas,40.3,Yes,0,No
T001555,30.09,17,Gas,72.1,Yes,1,No
T001556,65.43,13,Travel,88.1,Yes,4,No
T001557,78.38,12,Online,21.4,Yes,1,No
T001558,116.64,4,Online,27.8,Yes,1,No
T001559,275.44,9,Gas,134.3,No,5,No
T001560,27.04,21,Gas,40.3,Yes,2,No
T001561,233.31,13,Gas,45.4,No,3,No
T001562,9.84,23,Travel,287.1,Yes,3,No
T001563,21.25,22,Gas,240.7,Yes,3,No
T001564,104.58,4,Gas,173.5,Yes,4,Yes
T001565,494.38,6,Groceries,377.5,Yes,4,No
T001566,34.72,9,Electronics,333.1,No,5,No
T001567,38.2,23,Groceries,67.0,Yes,2,No
T001568,84.0,4,Gas,114.1,Yes,2,No
T001569,86.03,17,Electronics,79.6,Yes,2,No
T001570,42.78,13,Travel,68.9,Yes,1,No
T001571,41.71,18,Gas,78.6,Yes,3,No
T001572,16.34,16,Electronics,223.4,Yes,2,No
T001573,101.29,23,Online,99.5,Yes,3,No
T001574,71.88,7,Online,22.3,Yes,1,No
T001575,15.54,10,Gas,82.2,No,2,No
T001576,45.69,22,Groceries,258.1,Yes,2,No
T001577,166.09,15,Electronics,454.1,No,0,No
T001578,225.98,21,Gas,10.4,Yes,0,No
T001579,246.64,7,Gas,209.4,No,0,No
T001580,97.54,13,Travel,200.7,Yes,0,No
T001581,143.67,15,Online,324.6,Yes,1,No
T001582,56.11,13,Groceries,383.4,Yes,3,No
T001583,24.52,16,Travel,134.1,Yes,1,No
T001584,140.97,2,Electronics,9.1,No,3,No
T001585,12.02,3,Electronics,214.0,Yes,2,No
T001586,52.92,6,Electronics,11.7,Yes,1,No
T001587,62.62,20,Groceries,11.1,Yes,2,No
T001588,72.81,13,Online,546.6,No,4,No
T001589,29.99,7,Electronics,84.7,Yes,2,No
T001590,50.78,19,Online,24.9,Yes,0,No
T001591,252.76,16,Electronics,69.9,Yes,3,No
T001592,216.53,19,Groceries,55.9,Yes,3,No
T001593,124.65,4,Groceries,242.2,Yes,5,No
T001594,37.52,17,Travel,218.5,No,2,Yes
T001595,130.45,5,Groceries,60.7,Yes,5,No
T001596,95.32,5,Online,295.9,Yes,4,No
T001597,184.35,20,Groceries,166.4,No,3,No
T001598,12.49,13,Groceries,275.4,Yes,0,No
T001599,21.17,9,Groceries,73.6,Yes,1,No
T001600,87.27,7,Electronics,52.5,Yes,1,No
T001601,37.15,10,Groceries,14.6,Yes,3,No
T001602,14.98,8,Online,95.4,No,2,No
T001603,116.1,11,Gas,45.7,Yes,1,No
T001604,78.94,3,Groceries,189.8,Yes,3,No
T001605,7.46,23,Groceries,242.2,Yes,2,No
T001606,145.33,23,Groceries,1.6,Yes,2,No
T001607,103.91,1,Gas,71.5,Yes,4,No
T001608,44.74,6,Online,115.8,No,1,Yes
T001609,53.08,5,Travel,264.2,Yes,1,No
T001610,195.14,18,Electronics,257.9,Yes,1,No
T001611,32.43,8,Travel,72.8,Yes,3,No
T001612,56.88,15,Online,103.7,No,5,No
T001613,130.36,6,Travel,7.7,No,2,No
T001614,88.57,8,Travel,124.6,No,4,No
T001615,134.59,21,Groceries,9.5,Yes,2,No
T001616,217.4,0,Groceries,379.4,Yes,1,No
T001617,29.29,14,Groceries,457.5,Yes,3,No
T001618,113.16,13,Online,83.9,Yes,1,Yes
T001619,73.15,8,Electronics,72.8,No,2,No
T001620,120.12,20,Groceries,85.8,No,5,No
T001621,135.47,1,Groceries,237.6,No,2,No
T001622,15.48,9,Electronics,122.4,Yes,2,No
T001623,16.76,1,Groceries,153.1,Yes,1,No
T001624,201.66,6,Electronics,354.2,Yes,3,No
T001625,63.56,18,Gas,138.5,No,3,No
T001626,63.02,5,Travel,309.1,No,4,No
T001627,51.69,4,Gas,63.6,Yes,3,No
T001628,117.5,13,Groceries,99.3,No,3,No
T001629,75.56,8,Groceries,75.5,Yes,2,No
T001630,39.16,12,Electronics,107.2,No,6,Yes
T001631,648.69,11,Gas,234.3,No,1,No
T001632,37.44,8,Travel,198.1,No,3,No
T001633,166.45,5,Electronics,23.8,Yes,3,No
T001634,74.52,6,Gas,365.6,No,1,No
T001635,69.55,17,Gas,248.3,Yes,0,No
T001636,211.84,10,Groceries,80.4,Yes,0,No
T001637,35.38,9,Online,104.2,Yes,0,No
T001638,121.81,6,Gas,136.1,Yes,1,Yes
T001639,243.01,19,Travel,236.8,Yes,2,No
T001640,49.89,12,Gas,384.5,Yes,4,No
T001641,17.55,19,Travel,211.4,Yes,5,No
T001642,37.31,20,Groceries,44.0,No,1,No
T001643,72.37,17,Groceries,107.8,No,0,No
T001644,42.07,18,Electronics,73.3,No,4,No
T001645,106.84,8,Electronics,39.0,Yes,4,No
T001646,13.02,15,Groceries,81.6,No,1,No
T001647,11.68,2,Gas,83.2,No,1,Yes
T001648,21.54,20,Online,188.1,Yes,2,No
T001649,79.14,0,Travel,33.8,Yes,1,No
T001650,64.51,14,Online,38.6,No,0,No
T001651,45.9,9,Travel,136.1,Yes,0,No
T001652,19.69,23,Electronics,105.1,Yes,2,No
T001653,27.63,2,Travel,291.1,Yes,3,No
T001654,72.71,22,Travel,448.5,Yes,1,No
T001655,88.86,4,Gas,107.0,No,4,No
T001656,56.86,21,Groceries,99.2,Yes,1,No
T001657,95.3,15,Online,648.8,No,1,No
T001658,13.25,1,Online,75.6,No,4,No
T001659,110.99,3,Electronics,57.1,Yes,2,Yes
T001660,17.51,20,Travel,177.1,No,1,No
T001661,65.41,21,Travel,83.5,Yes,3,No
T001662,7.52,23,Online,12.9,Yes,1,No
T001663,99.08,18,Electronics,84.5,No,0,No
T001664,16.63,17,Online,475.9,Yes,1,No
T001665,206.82,14,Online,21.6,Yes,1,No
T001666,35.91,19,Gas,30.0,Yes,2,No
T001667,167.92,9,Electronics,180.8,No,1,No
T001668,212.74,22,Electronics,33.3,No,2,Yes
T001669,7.97,14,Gas,257.8,No,3,No
T001670,113.87,13,Gas,243.2,Yes,2,No
T001671,17.92,3,Travel,72.5,Yes,2,No
T001672,43.06,7,Travel,62.7,Yes,1,No
T001673,11.42,6,Gas,430.3,Yes,1,No
T001674,198.22,6,Groceries,113.4,Yes,4,No
T001675,413.44,13,Travel,95.5,No,1,No
T001676,115.56,21,Electronics,278.8,Yes,4,No
T001677,44.82,2,Electronics,20.2,Yes,2,No
T001678,56.16,11,Electronics,297.4,Yes,1,No
T001679,39.78,22,Gas,86.2,No,1,No
T001680,12.76,15,Travel,54.4,Yes,4,No
T001681,29.45,18,Electronics,135.0,No,3,No
T001682,143.75,3,Online,244.4,Yes,4,No
T001683,39.07,20,Travel,0.4,No,2,No
T001684,38.68,15,Online,133.5,No,1,No
T001685,13.71,15,Electronics,269.8,Yes,2,No
T001686,76.22,8,Online,357.3,Yes,0,No
T001687,98.17,16,Groceries,77.0,Yes,2,No
T001688,3.5,10,Online,154.9,No,2,No
T001689,72.81,4,Electronics,62.6,Yes,3,No
T001690,53.54,22,Groceries,205.6,Yes,1,No
T001691,59.54,7,Online,42.7,No,2,No
T001692,32.28,8,Online,291.4,Yes,2,No
T001693,35.01,23,Electronics,11.7,Yes,5,No
T001694,26.78,2,Electronics,275.2,Yes,6,Yes
T001695,23.66,0,Groceries,142.6,Yes,4,No
T001696,57.02,20,Gas,35.3,Yes,2,No
T001697,15.22,7,Electronics,527.9,Yes,0,No
T001698,25.06,8,Groceries,207.8,No,0,No
T001699,178.05,17,Travel,181.1,Yes,5,No
T001700,56.57,10,Online,203.6,Yes,1,No
T001701,36.25,0,Travel,144.4,Yes,1,No
T001702,314.45,20,Online,86.8,Yes,2,No
T001703,57.0,6,Gas,125.7,Yes,2,No
T001704,21.94,4,Gas,201.3,No,2,Yes
T001705,46.5,15,Travel,54.4,Yes,2,No
T001706,75.55,14,Groceries,298.8,Yes,0,No
T001707,51.08,8,Electronics,67.0,Yes,1,No
T001708,63.85,9,Travel,61.5,No,2,No
T001709,24.67,1,Groceries,136.2,Yes,1,No
T001710,133.67,9,Online,249.4,Yes,1,No
T001711,9.1,22,Gas,177.2,Yes,2,No
T001712,31.22,22,Gas,242.5,No,0,No
T001713,22.44,15,Gas,91.7,Yes,1,No
T001714,94.84,6,Groceries,119.7,Yes,2,No
T001715,207.85,6,Groceries,32.0,Yes,2,No
T001716,164.3,22,Electronics,342.0,Yes,0,No
T001717,45.69,16,Online,61.4,Yes,2,No
T001718,256.07,3,Groceries,121.6,Yes,0,No
T001719,49.19,21,Online,39.9,No,2,No
T001720,39.95,3,Electronics,26.0,Yes,1,No
T001721,69.09,20,Online,181.9,No,1,No
T001722,120.17,4,Online,10.1,Yes,5,No
T001723,27.84,6,Travel,353.4,No,2,No
T001724,105.44,3,Electronics,91.9,Yes,3,No
T001725,31.07,9,Travel,233.3,No,1,No
T001726,26.98,5,Online,478.4,Yes,2,No
T001727,55.08,23,Online,118.4,Yes,1,No
T001728,8.14,12,Travel,72.4,Yes,1,No
T001729,12.22,4,Gas,202.7,Yes,6,No
T001730,10.97,18,Gas,56.1,No,3,No
T001731,8.6,12,Electronics,91.8,Yes,2,No
T001732,194.85,20,Electronics,126.8,No,1,No
T001733,121.52,7,Gas,73.8,No,3,No
T001734,93.97,12,Electronics,311.7,Yes,1,No
T001735,53.92,4,Gas,171.9,Yes,3,No
T001736,78.57,3,Online,164.6,Yes,3,No
T001737,91.04,1,Electronics,43.3,No,1,No
T001738,24.07,9,Travel,108.7,Yes,1,No
T001739,68.05,2,Electronics,134.2,Yes,1,Yes
T001740,5.76,6,Travel,63.4,No,1,Yes
T001741,189.52,9,Electronics,194.3,Yes,1,No
T001742,59.04,23,Electronics,219.6,Yes,2,No
T001743,38.76,19,Gas,261.6,Yes,0,No
T001744,26.95,10,Online,67.7,Yes,3,No
T001745,4.48,19,Travel,136.4,No,1,No
T001746,33.06,22,Electronics,166.3,Yes,2,No
T001747,98.57,22,Online,60.4,Yes,2,No
T001748,73.75,16,Online,135.1,Yes,1,No
T001749,12.38,7,Online,345.2,Yes,2,No
T001750,85.7,2,Groceries,208.9,No,2,No
T001751,219.35,5,Online,17.3,No,2,No
T001752,125.61,7,Electronics,140.7,Yes,4,No
T001753,202.96,0,Electronics,359.5,Yes,3,No
T001754,112.55,11,Gas,26.3,No,0,No
T001755,142.78,8,Travel,172.6,Yes,3,No
T001756,16.3,11,Gas,131.8,Yes,0,No
T001757,27.28,21,Travel,124.6,Yes,2,No
T001758,7.8,23,Electronics,110.3,Yes,1,No
T001759,128.23,17,Electronics,65.4,Yes,3,No
T001760,72.77,21,Online,170.0,No,3,Yes
T001761,72.06,21,Electronics,54.1,No,0,Yes
T001762,31.67,3,Gas,16.3,Yes,1,No
T001763,83.01,16,Travel,122.7,Yes,2,No
T001764,21.75,14,Gas,26.1,Yes,3,No
T001765,34.38,3,Groceries,65.5,Yes,2,Yes
T001766,10.71,19,Electronics,44.1,No,3,No
T001767,45.5,1,Groceries,106.6,Yes,2,Yes
T001768,18.54,19,Electronics,36.3,No,1,No
T001769,77.52,20,Electronics,40.3,Yes,2,No
T001770,181.68,13,Electronics,283.1,No,0,No
T001771,12.62,9,Online,146.5,Yes,6,No
T001772,25.19,7,Online,221.0,No,2,No
T001773,66.71,14,Gas,265.0,No,0,No
T001774,30.38,16,Gas,227.5,Yes,7,No
T001775,75.19,16,Gas,75.0,Yes,2,No
T001776,59.2,8,Groceries,45.0,Yes,7,No
T001777,17.13,13,Electronics,22.3,No,4,No
T001778,98.05,18,Gas,163.1,No,6,No
T001779,14.7,10,Electronics,49.2,Yes,2,No
T001780,828.2,18,Groceries,7.7,Yes,3,No
T001781,79.66,7,Online,93.1,Yes,0,No
T001782,55.4,6,Online,184.3,No,2,No
T001783,38.02,5,Electronics,103.4,Yes,2,No
T001784,75.82,3,Travel,16.3,Yes,1,No
T001785,114.13,1,Gas,97.7,Yes,3,No
T001786,80.81,2,Travel,418.1,Yes,3,No
T001787,5.73,21,Groceries,325.6,Yes,3,No
T001788,17.53,10,Groceries,222.4,Yes,0,No
T001789,55.79,4,Travel,154.3,No,0,No
T001790,45.7,12,Groceries,170.6,Yes,3,No
T001791,60.62,9,Gas,144.4,Yes,2,No
T001792,15.93,13,Online,115.4,Yes,1,No
T001793,9.05,19,Travel,214.0,No,1,No
T001794,88.21,5,Electronics,221.3,No,3,No
T001795,131.14,2,Gas,55.6,No,0,Yes
T001796,7.82,9,Gas,145.9,Yes,4,No
T001797,143.42,0,Online,371.7,Yes,0,No
T001798,112.9,10,Groceries,127.7,Yes,0,No
T001799,52.0,21,Groceries,189.6,Yes,1,Yes
T001800,79.22,13,Online,113.5,No,3,No
T001801,23.26,7,Gas,0.9,Yes,4,No
T001802,50.01,23,Travel,66.6,Yes,2,No
T001803,36.58,4,Electronics,404.7,Yes,2,No
T001804,6.34,11,Gas,56.0,Yes,2,No
T001805,14.13,8,Travel,77.3,No,1,No
T001806,45.18,17,Electronics,192.1,No,0,No
T001807,78.27,0,Travel,359.4,Yes,0,Yes
T001808,110.31,8,Travel,335.9,Yes,1,No
T001809,39.81,2,Groceries,310.3,Yes,2,No
T001810,50.78,0,Groceries,73.4,No,1,No
T001811,9.14,6,Travel,98.6,Yes,0,No
T001812,22.51,16,Online,67.2,No,2,No
T001813,4.96,11,Electronics,58.0,Yes,0,No
T001814,338.71,19,Online,52.6,Yes,1,No
T001815,7.22,14,Gas,26.1,Yes,0,No
T001816,33.67,7,Travel,65.9,No,4,No
T001817,103.2,3,Groceries,3.2,Yes,1,No
T001818,188.22,18,Travel,194.0,Yes,0,No
T001819,13.4,17,Gas,249.0,Yes,1,No
T001820,31.43,2,Gas,157.1,Yes,2,No
T001821,43.0,4,Gas,55.6,Yes,1,No
T001822,69.45,6,Electronics,246.4,Yes,1,No
T001823,22.0,19,Groceries,147.9,Yes,2,No
T001824,37.02,7,Gas,22.5,No,1,No
T001825,64.12,22,Gas,437.8,Yes,1,No
T001826,10.16,22,Gas,67.9,No,2,No
T001827,325.69,14,Travel,52.3,Yes,3,No
T001828,166.58,8,Online,203.6,Yes,1,No
T001829,9.98,20,Online,313.2,Yes,2,No
T001830,37.54,18,Electronics,107.7,Yes,2,No
T001831,31.54,6,Electronics,215.3,Yes,1,No
T001832,299.19,14,Groceries,125.1,Yes,2,No
T001833,103.56,19,Travel,160.2,No,1,No
T001834,39.95,22,Travel,18.9,No,2,No
T001835,58.39,21,Gas,345.4,Yes,0,No
T001836,44.25,11,Travel,20.1,Yes,1,No
T001837,54.36,2,Gas,28.1,Yes,3,No
T001838,143.95,11,Gas,118.5,No,1,No
T001839,127.38,6,Online,164.3,Yes,3,No
T001840,11.14,12,Electronics,117.0,Yes,5,No
T001841,118.63,22,Gas,112.8,Yes,2,No
T001842,14.31,12,Gas,8.8,Yes,1,No
T001843,75.67,7,Groceries,218.8,Yes,1,No
T001844,11.81,0,Electronics,183.0,Yes,4,Yes
T001845,25.46,2,Online,108.8,Yes,1,No
T001846,182.45,2,Online,135.8,Yes,3,Yes
T001847,32.0,9,Travel,3.3,Yes,3,No
T001848,106.64,4,Electronics,389.4,Yes,0,Yes
T001849,76.4,0,Online,114.3,No,1,No
T001850,21.41,10,Electronics,36.0,No,2,No
T001851,6.6,18,Gas,215.6,No,2,Yes
T001852,63.01,23,Groceries,23.2,Yes,1,No
T001853,87.05,5,Online,284.0,Yes,1,No
T001854,49.01,16,Online,154.1,No,2,No
T001855,57.12,1,Gas,117.5,Yes,3,No
T001856,28.28,12,Travel,111.5,Yes,0,No
T001857,74.15,20,Online,53.1,Yes,1,No
T001858,11.53,3,Gas,91.8,No,4,Yes
T001859,122.35,3,Groceries,176.3,Yes,5,No
T001860,125.67,0,Online,418.7,No,2,No
T001861,52.75,4,Travel,38.1,Yes,3,No
T001862,39.16,17,Electronics,77.1,Yes,3,No
T001863,21.46,16,Groceries,79.0,Yes,3,No
T001864,25.08,13,Gas,37.6,No,1,No
T001865,31.06,18,Travel,158.2,Yes,3,No
T001866,64.87,11,Groceries,52.3,No,1,No
T001867,70.73,23,Groceries,185.6,Yes,4,No
T001868,153.47,4,Travel,146.5,No,2,Yes
T001869,12.25,23,Gas,329.4,No,1,No
T001870,24.33,3,Travel,194.7,No,2,No
T001871,77.86,10,Gas,211.4,Yes,4,No
T001872,13.97,1,Groceries,3.1,No,0,No
T001873,95.24,16,Travel,384.1,Yes,2,No
T001874,80.44,15,Gas,172.4,Yes,1,No
T001875,11.29,0,Groceries,12.4,No,2,No
T001876,146.47,10,Groceries,321.8,Yes,3,No
T001877,163.83,12,Travel,114.9,Yes,3,No
T001878,100.22,10,Groceries,339.4,No,0,No
T001879,2.22,18,Travel,50.1,No,2,No
T001880,46.12,22,Gas,442.3,No,2,No
T001881,185.83,13,Gas,168.3,Yes,4,No
T001882,98.29,10,Gas,142.9,No,1,No
T001883,20.42,8,Gas,298.7,Yes,1,No
T001884,38.72,1,Gas,44.8,Yes,5,No
T001885,86.65,1,Online,140.3,No,1,No
T001886,710.97,7,Groceries,337.4,Yes,1,No
T001887,73.27,5,Electronics,132.9,Yes,0,No
T001888,29.95,10,Online,17.0,No,1,No
T001889,19.76,9,Online,202.7,No,4,Yes
T001890,130.01,17,Electronics,77.0,Yes,3,No
T001891,139.73,16,Gas,8.4,No,2,No
T001892,27.14,3,Travel,54.5,Yes,2,No
T001893,141.52,18,Online,136.2,Yes,3,No
T001894,83.78,10,Groceries,53.5,Yes,5,No
T001895,318.8,7,Gas,99.0,Yes,1,No
T001896,71.87,9,Online,455.8,Yes,0,No
T001897,124.69,1,Groceries,205.8,No,1,Yes
T001898,15.74,14,Groceries,204.4,Yes,0,No
T001899,53.73,11,Gas,30.3,Yes,0,No
T001900,25.05,23,Online,210.7,No,3,No
T001901,47.59,12,Electronics,301.4,Yes,1,No
T001902,71.46,12,Gas,26.1,Yes,0,No
T001903,66.77,11,Travel,21.0,Yes,6,No
T001904,204.93,12,Groceries,493.3,Yes,1,No
T001905,42.39,17,Online,195.8,No,0,No
T001906,61.27,19,Online,227.5,Yes,1,No
T001907,39.04,9,Groceries,50.9,No,2,No
T001908,34.03,11,Travel,13.2,Yes,0,No
T001909,245.13,9,Gas,106.3,Yes,2,No
T001910,30.79,15,Electronics,3.1,Yes,1,No
T001911,7.42,8,Travel,66.7,Yes,3,No
T001912,13.77,18,Gas,66.5,No,1,No
T001913,182.83,9,Electronics,231.6,Yes,1,No
T001914,348.45,20,Groceries,82.3,Yes,1,No
T001915,96.68,17,Groceries,127.1,Yes,4,No
T001916,413.06,9,Electronics,138.3,No,2,No
T001917,58.76,0,Gas,3.2,Yes,3,No
T001918,27.71,19,Online,184.7,No,0,Yes
T001919,43.59,6,Groceries,180.8,Yes,1,No
T001920,74.58,9,Gas,170.5,Yes,1,No
T001921,342.02,14,Groceries,106.9,No,7,No
T001922,272.37,13,Groceries,209.6,Yes,3,No
T001923,31.93,4,Gas,86.2,No,0,Yes
T001924,41.32,3,Electronics,83.8,Yes,3,No
T001925,49.79,3,Gas,401.4,Yes,2,No
T001926,51.25,1,Gas,424.0,Yes,3,No
T001927,59.63,17,Electronics,429.0,Yes,2,No
T001928,24.61,14,Gas,59.2,Yes,1,No
T001929,42.08,11,Groceries,55.0,Yes,1,No
T001930,144.92,3,Gas,18.8,No,1,No
T001931,21.0,4,Online,274.6,No,1,No
T001932,63.22,7,Gas,307.9,No,0,No
T001933,25.33,16,Travel,72.0,No,1,No
T001934,8.83,13,Travel,2.7,No,0,No
T001935,38.45,23,Electronics,651.2,Yes,1,No
T001936,740.9,18,Groceries,327.3,No,2,No
T001937,35.61,10,Online,209.8,Yes,0,No
T001938,57.41,9,Groceries,126.1,No,1,No
T001939,50.21,0,Gas,293.4,Yes,1,No
T001940,99.68,3,Travel,99.8,No,2,No
T001941,12.63,23,Gas,369.5,Yes,0,No
T001942,108.81,14,Gas,217.3,Yes,3,No
T001943,82.87,3,Groceries,332.1,Yes,2,No
T001944,47.35,20,Groceries,133.6,Yes,0,No
T001945,113.92,12,Gas,1.7,No,3,No
T001946,39.18,15,Groceries,78.2,Yes,2,No
T001947,25.52,20,Online,153.3,Yes,1,No
T001948,25.3,17,Gas,23.4,No,4,No
T001949,22.62,22,Electronics,130.3,Yes,3,No
T001950,109.33,10,Groceries,40.9,Yes,3,No
T001951,213.79,11,Online,248.2,Yes,3,No
T001952,19.55,13,Gas,233.4,Yes,1,No
T001953,31.07,18,Groceries,318.9,No,1,No
T001954,37.96,13,Electronics,171.9,Yes,1,No
T001955,678.14,6,Online,213.5,Yes,1,No
T001956,91.33,16,Online,18.2,Yes,5,No
T001957,112.01,16,Electronics,74.9,No,1,No
T001958,24.38,4,Gas,39.7,No,2,Yes
T001959,124.69,0,Gas,200.2,Yes,0,No
T001960,26.14,10,Groceries,43.1,Yes,1,No
T001961,26.36,20,Electronics,57.4,No,5,No
T001962,6.7,6,Electronics,62.5,Yes,1,No
T001963,201.47,2,Gas,245.9,Yes,4,No
T001964,114.15,19,Travel,18.4,Yes,5,No
T001965,79.23,21,Electronics,135.8,No,3,No
T001966,207.64,10,Electronics,200.5,Yes,1,No
T001967,20.52,6,Online,192.9,Yes,0,No
T001968,122.7,5,Electronics,328.5,Yes,5,No
T001969,34.89,4,Travel,47.5,Yes,4,No
T001970,175.64,10,Electronics,228.5,Yes,1,No
T001971,279.98,8,Travel,59.4,Yes,2,No
T001972,35.06,21,Groceries,12.0,Yes,2,No
T001973,35.09,16,Gas,33.4,No,0,No
T001974,58.85,11,Travel,269.9,Yes,6,No
T001975,79.44,18,Groceries,285.5,No,1,No
T001976,83.19,7,Electronics,182.0,Yes,0,No
T001977,52.38,19,Groceries,1.0,Yes,0,No
T001978,72.27,15,Travel,124.1,No,1,Yes
T001979,709.02,11,Online,86.1,Yes,1,No
T001980,52.1,9,Online,384.4,Yes,2,No
T001981,36.66,1,Groceries,63.9,Yes,3,No
T001982,78.68,9,Gas,333.1,No,0,No
T001983,67.82,17,Online,245.6,Yes,1,No
T001984,22.47,20,Travel,191.1,Yes,2,No
T001985,47.24,12,Online,237.0,No,0,No
T001986,73.28,0,Gas,178.9,Yes,2,No
T001987,102.45,16,Online,217.2,Yes,0,No
T001988,62.63,8,Groceries,210.3,Yes,2,No
T001989,74.02,17,Electronics,319.8,Yes,0,No
T001990,46.52,14,Online,166.6,No,3,No
T001991,45.81,23,Gas,85.7,Yes,3,No
T001992,54.96,19,Online,96.1,Yes,2,No
T001993,20.83,18,Electronics,3.9,No,6,No
T001994,7.18,21,Gas,198.8,Yes,0,No
T001995,16.38,2,Gas,12.8,Yes,1,No
T001996,17.63,3,Gas,119.2,No,2,No
T001997,209.22,12,Online,10.8,Yes,4,No
T001998,38.03,10,Gas,108.3,Yes,1,No
T001999,58.54,3,Electronics,348.0,Yes,2,No
T002000,91.79,5,Travel,75.4,No,4,No
T002001,240.75,22,Electronics,232.6,No,1,Yes
T002002,374.37,16,Travel,512.1,Yes,1,No
T002003,109.23,3,Online,242.4,Yes,3,No
T002004,38.64,17,Groceries,475.1,Yes,1,No
T002005,10.0,23,Travel,27.4,No,3,No
T002006,127.81,18,Gas,48.5,Yes,4,No
T002007,66.65,0,Online,470.4,Yes,2,No
T002008,17.93,17,Electronics,234.0,No,1,No
T002009,29.71,1,Travel,177.1,Yes,0,No
T002010,5.28,2,Groceries,418.6,Yes,2,Yes
T002011,26.37,15,Groceries,107.5,Yes,4,No
T002012,219.25,13,Electronics,118.8,Yes,2,Yes
T002013,191.93,1,Gas,375.3,No,0,No
T002014,73.32,2,Electronics,175.4,Yes,4,No
T002015,37.19,23,Gas,322.0,Yes,0,No
T002016,65.56,11,Online,222.1,No,4,No
T002017,78.76,11,Groceries,297.8,Yes,1,No
T002018,15.79,2,Electronics,42.8,No,1,No
T002019,32.2,12,Travel,393.5,Yes,1,No
T002020,329.15,10,Online,385.6,Yes,1,No
T002021,19.45,6,Gas,107.8,Yes,2,No
T002022,20.45,2,Gas,301.1,Yes,1,No
T002023,68.05,4,Online,265.7,Yes,0,No
T002024,60.21,0,Electronics,134.6,No,3,No
T002025,72.81,13,Gas,264.6,No,2,No
T002026,415.02,5,Electronics,108.7,No,4,No
T002027,15.24,7,Online,310.8,Yes,1,No
T002028,17.74,10,Gas,18.2,Yes,3,No
T002029,12.55,1,Online,117.1,Yes,3,No
T002030,87.5,12,Travel,408.5,Yes,3,No
T002031,464.72,9,Travel,77.1,Yes,3,No
T002032,44.61,11,Electronics,99.3,No,2,No
T002033,54.88,16,Gas,398.2,No,0,No
T002034,19.91,15,Groceries,246.7,Yes,1,No
T002035,85.46,0,Groceries,264.6,Yes,2,No
T002036,66.99,23,Gas,149.0,Yes,2,No
T002037,86.2,5,Gas,38.0,Yes,1,No
T002038,643.3,8,Travel,165.8,Yes,4,No
T002039,13.41,19,Travel,75.1,Yes,3,No
T002040,112.02,11,Online,165.6,Yes,1,No
T002041,101.17,0,Gas,26.6,Yes,2,No
T002042,15.43,12,Electronics,453.8,Yes,2,Yes
T002043,87.46,6,Travel,105.6,Yes,2,No
T002044,36.34,9,Gas,120.3,Yes,3,No
T002045,49.97,4,Travel,231.3,Yes,2,No
T002046,65.78,4,Gas,123.1,Yes,3,No
T002047,37.26,16,Gas,10.4,Yes,4,No
T002048,9.33,1,Gas,81.1,Yes,4,No
T002049,60.68,12,Groceries,377.6,No,1,No
T002050,194.58,15,Groceries,372.8,Yes,2,No
T002051,123.83,17,Gas,45.2,Yes,2,No
T002052,58.19,7,Electronics,248.7,Yes,5,No
T002053,47.15,14,Travel,89.0,Yes,0,No
T002054,64.09,2,Electronics,183.3,Yes,2,No
T002055,168.11,3,Online,141.5,Yes,2,No
T002056,7.24,22,Electronics,272.4,Yes,5,No
T002057,250.58,23,Groceries,189.6,Yes,1,No
T002058,26.71,5,Travel,24.0,Yes,2,No
T002059,13.8,2,Online,159.2,No,0,No
T002060,178.41,22,Electronics,240.0,No,2,No
T002061,242.74,14,Groceries,44.4,No,1,No
T002062,13.62,22,Electronics,201.4,Yes,1,No
T002063,31.63,12,Groceries,238.7,Yes,0,No
T002064,55.57,22,Groceries,52.9,Yes,1,No
T002065,59.89,12,Travel,167.9,No,2,No
T002066,32.86,23,Travel,200.3,Yes,1,No
T002067,65.1,9,Travel,381.0,Yes,1,No
T002068,61.1,20,Electronics,79.7,No,1,No
T002069,115.55,22,Travel,41.7,No,0,No
T002070,167.68,9,Online,145.5,Yes,2,No
T002071,16.63,8,Online,435.5,Yes,5,No
T002072,206.88,5,Groceries,52.4,Yes,2,No
T002073,85.91,2,Gas,228.7,No,1,Yes
T002074,8.45,8,Travel,215.0,Yes,5,No
T002075,87.55,9,Online,195.1,No,3,No
T002076,116.32,22,Gas,43.4,Yes,1,No
T002077,3.31,22,Travel,2.3,Yes,1,No
T002078,18.71,7,Travel,104.5,Yes,3,No
T002079,109.1,14,Electronics,86.8,Yes,2,No
T002080,51.32,16,Electronics,58.4,Yes,2,No
T002081,111.04,1,Groceries,186.3,Yes,0,No
T002082,48.99,6,Travel,218.5,Yes,2,No
T002083,78.35,9,Groceries,159.8,Yes,2,No
T002084,156.33,7,Groceries,326.1,Yes,1,No
T002085,67.63,12,Online,108.3,Yes,2,No
T002086,61.69,10,Electronics,200.6,Yes,0,No
T002087,234.93,10,Online,116.4,Yes,1,No
T002088,205.53,13,Groceries,4.5,Yes,1,No
T002089,62.25,13,Travel,78.6,Yes,1,No
T002090,288.29,22,Electronics,348.1,No,1,No
T002091,147.82,9,Travel,222.2,Yes,2,No
T002092,13.34,1,Online,46.4,Yes,2,No
T002093,58.35,22,Gas,333.5,Yes,1,No
T002094,40.72,4,Travel,79.5,No,3,Yes
T002095,288.47,6,Travel,88.5,No,0,Yes
T002096,190.96,16,Groceries,78.7,Yes,1,No
T002097,21.52,3,Travel,131.4,Yes,3,No
T002098,83.79,20,Electronics,49.6,No,0,No
T002099,88.89,4,Online,8.7,No,2,Yes
T002100,13.09,22,Gas,414.8,No,9,Yes
T002101,43.78,6,Online,129.2,Yes,2,No
T002102,27.17,11,Groceries,141.4,Yes,1,No
T002103,6.18,21,Electronics,32.7,Yes,3,No
T002104,16.0,8,Online,29.8,No,1,No
T002105,242.83,23,Groceries,249.5,Yes,0,No
T002106,122.02,20,Electronics,23.2,Yes,2,No
T002107,225.51,14,Groceries,361.3,No,3,No
T002108,34.24,18,Online,171.8,Yes,5,No
T002109,283.41,20,Electronics,241.0,No,2,Yes
T002110,17.24,9,Electronics,233.7,No,1,No
T002111,214.29,2,Groceries,78.6,No,2,No
T002112,127.58,6,Gas,148.0,No,1,No
T002113,55.28,16,Online,269.0,Yes,2,No
T002114,17.75,18,Electronics,214.0,Yes,1,No
T002115,88.99,20,Electronics,50.7,Yes,1,No
T002116,44.08,14,Online,385.8,Yes,1,No
T002117,33.33,20,Gas,317.5,Yes,1,No
T002118,18.82,18,Groceries,22.6,Yes,3,No
T002119,113.3,5,Online,46.2,Yes,2,No
T002120,28.86,14,Groceries,85.7,Yes,2,Yes
T002121,485.76,10,Groceries,105.8,Yes,3,No
T002122,55.58,5,Electronics,70.6,No,3,No
T002123,51.22,4,Electronics,309.9,No,1,Yes
T002124,47.63,6,Groceries,135.2,Yes,2,No
T002125,368.54,1,Electronics,347.1,Yes,2,No
T002126,149.7,2,Online,190.9,Yes,2,No
T002127,20.13,6,Travel,46.9,Yes,2,No
T002128,448.8,17,Online,265.3,No,2,No
T002129,147.74,16,Gas,112.0,No,2,Yes
T002130,19.6,0,Electronics,62.3,Yes,2,No
T002131,27.27,6,Gas,125.7,Yes,4,Yes
T002132,86.01,13,Electronics,158.4,Yes,2,No
T002133,36.03,21,Groceries,95.2,No,1,No
T002134,419.72,20,Travel,16.5,Yes,1,No
T002135,39.23,1,Groceries,267.0,Yes,4,No
T002136,154.79,0,Electronics,254.8,No,3,No
T002137,15.86,17,Travel,25.3,Yes,1,No
T002138,45.21,22,Travel,21.9,Yes,1,No
T002139,177.89,3,Gas,230.4,No,3,No
T002140,23.31,18,Online,140.2,Yes,1,No
T002141,60.69,4,Groceries,33.2,Yes,2,No
T002142,92.58,20,Gas,134.1,Yes,4,Yes
T002143,41.4,11,Gas,439.8,No,0,No
T002144,53.23,21,Groceries,196.6,Yes,2,No
T002145,33.94,0,Electronics,361.9,No,0,Yes
T002146,20.89,18,Online,9.0,Yes,3,No
T002147,32.87,4,Travel,293.0,Yes,2,No
T002148,51.05,11,Gas,190.9,Yes,0,No
T002149,66.05,10,Gas,191.7,Yes,3,No
T002150,36.38,4,Gas,225.5,No,1,No
T002151,111.89,7,Gas,279.5,Yes,2,No
T002152,567.51,13,Groceries,90.2,Yes,1,Yes
T002153,49.87,0,Online,463.6,Yes,1,No
T002154,11.21,17,Electronics,67.6,Yes,1,No
T002155,16.17,21,Online,372.6,Yes,2,No
T002156,184.2,0,Online,223.8,No,3,No
T002157,214.28,12,Groceries,232.7,Yes,1,No
T002158,132.17,3,Electronics,214.0,Yes,1,No
T002159,64.04,20,Online,296.0,Yes,2,No
T002160,47.44,6,Groceries,4.2,Yes,5,No
T002161,48.44,7,Online,163.7,Yes,4,No
T002162,756.0,20,Travel,338.3,Yes,2,No
T002163,22.89,2,Gas,286.7,No,1,No
T002164,31.1,2,Travel,138.5,Yes,4,No
T002165,110.7,0,Online,190.8,No,4,No
T002166,172.76,8,Groceries,188.8,No,3,No
T002167,50.11,5,Groceries,156.1,Yes,2,No
T002168,32.35,12,Gas,37.6,Yes,2,No
T002169,49.81,2,Electronics,12.5,Yes,3,No
T002170,18.69,6,Groceries,274.5,Yes,2,No
T002171,139.62,21,Online,69.8,Yes,2,No
T002172,45.33,9,Groceries,217.2,Yes,2,No
T002173,72.86,8,Online,135.9,No,4,No
T002174,38.52,15,Travel,67.9,Yes,2,No
T002175,93.98,7,Electronics,107.2,Yes,0,No
T002176,34.21,6,Travel,209.8,Yes,2,No
T002177,42.91,18,Online,217.2,Yes,0,No
T002178,27.32,17,Travel,47.3,Yes,0,Yes
T002179,87.89,18,Groceries,86.0,Yes,0,No
T002180,181.82,12,Electronics,352.8,No,4,No
T002181,69.18,22,Travel,160.1,No,3,No
T002182,53.57,17,Groceries,34.1,No,1,No
T002183,30.21,15,Online,588.6,Yes,1,No
T002184,14.64,18,Gas,5.1,No,1,No
T002185,10.47,4,Groceries,256.2,Yes,2,No
T002186,45.79,3,Online,166.2,Yes,2,No
T002187,32.59,2,Gas,232.1,Yes,1,No
T002188,13.93,12,Online,50.8,Yes,2,No
T002189,55.77,21,Groceries,208.2,Yes,3,No
T002190,18.52,14,Gas,69.2,No,2,No
T002191,196.8,1,Online,77.9,Yes,2,Yes
T002192,101.36,12,Travel,225.0,Yes,0,No
T002193,76.27,21,Electronics,2.7,Yes,0,No
T002194,15.04,18,Groceries,16.8,Yes,3,No
T002195,38.97,0,Online,213.0,Yes,2,No
T002196,26.91,5,Groceries,17.5,Yes,1,No
T002197,50.47,4,Travel,636.5,No,4,Yes
T002198,26.58,5,Gas,80.7,Yes,2,No
T002199,15.15,6,Gas,236.1,No,0,No
T002200,14.38,0,Gas,127.8,No,3,No
T002201,47.64,0,Groceries,452.0,No,0,No
T002202,11.53,13,Electronics,47.4,No,1,No
T002203,149.41,0,Electronics,569.8,Yes,0,No
T002204,17.98,18,Electronics,115.0,Yes,3,No
T002205,55.93,12,Gas,147.1,Yes,2,No
T002206,53.76,6,Groceries,98.9,No,4,No
T002207,80.07,14,Gas,42.9,No,4,No
T002208,108.5,21,Groceries,29.0,Yes,4,No
T002209,13.44,21,Gas,24.4,Yes,1,No
T002210,113.23,14,Gas,84.2,Yes,1,No
T002211,12.32,20,Travel,24.3,Yes,2,Yes
T002212,94.15,4,Online,210.9,No,0,No
T002213,122.78,8,Groceries,207.2,No,0,No
T002214,13.56,20,Groceries,182.0,No,5,No
T002215,45.92,7,Groceries,46.2,Yes,1,No
T002216,134.09,4,Online,52.7,Yes,2,No
T002217,43.61,12,Online,238.2,Yes,2,No
T002218,73.66,16,Groceries,133.4,Yes,1,No
T002219,567.59,8,Electronics,318.6,No,3,No
T002220,8.04,7,Travel,281.3,No,2,No
T002221,28.55,13,Online,42.7,Yes,3,No
T002222,277.63,15,Groceries,75.0,No,2,No
T002223,10.01,3,Electronics,97.1,No,1,No
T002224,92.69,11,Groceries,164.9,No,4,No
T002225,93.4,15,Groceries,68.2,Yes,2,No
T002226,503.37,11,Electronics,279.8,Yes,1,No
T002227,49.86,10,Travel,194.1,No,1,No
T002228,114.11,18,Electronics,546.8,Yes,2,No
T002229,221.02,11,Groceries,291.6,Yes,4,No
T002230,7.52,10,Gas,137.9,Yes,1,No
T002231,100.49,5,Groceries,54.2,Yes,1,No
T002232,173.08,13,Online,195.8,Yes,2,No
T002233,70.06,12,Online,149.0,No,1,No
T002234,23.67,3,Online,186.9,Yes,1,No
T002235,180.82,9,Gas,351.9,Yes,2,No
T002236,53.83,4,Travel,50.9,No,5,No
T002237,78.23,5,Travel,116.2,No,0,No
T002238,23.33,22,Travel,48.4,No,0,No
T002239,9.79,7,Online,259.5,No,2,No
T002240,79.82,6,Groceries,149.4,No,2,No
T002241,196.83,11,Electronics,85.4,Yes,2,No
T002242,12.95,15,Electronics,125.9,Yes,3,No
T002243,26.48,15,Online,103.2,Yes,2,No
T002244,32.32,4,Travel,181.3,Yes,1,No
T002245,8.28,22,Travel,162.7,Yes,3,No
T002246,47.0,16,Travel,37.2,No,2,No
T002247,265.66,11,Travel,349.5,Yes,2,No
T002248,56.41,12,Gas,139.4,Yes,1,No
T002249,15.96,22,Gas,154.7,No,1,No
T002250,88.55,10,Online,201.6,Yes,3,No
T002251,70.37,9,Electronics,85.8,Yes,3,No
T002252,67.24,1,Gas,14.0,Yes,1,No
T002253,51.04,6,Travel,233.0,Yes,4,No
T002254,24.69,11,Online,199.4,Yes,5,No
T002255,21.05,11,Groceries,70.7,Yes,2,No
T002256,184.77,23,Online,221.1,Yes,2,No
T002257,113.01,8,Groceries,0.6,Yes,1,No
T002258,22.49,0,Groceries,177.0,No,2,No
T002259,40.36,18,Electronics,293.1,No,3,Yes
T002260,3.33,18,Travel,132.6,Yes,2,No
T002261,50.52,12,Electronics,30.9,No,0,No
T002262,96.24,22,Electronics,136.3,Yes,1,No
T002263,40.64,7,Groceries,215.0,No,1,No
T002264,227.27,3,Electronics,363.7,No,1,No
T002265,8.89,22,Electronics,281.3,Yes,0,No
T002266,57.3,13,Electronics,401.1,No,3,Yes
T002267,9.57,7,Groceries,56.8,Yes,3,No
T002268,113.15,3,Electronics,156.4,Yes,0,No
T002269,18.75,4,Online,390.8,Yes,3,No
T002270,87.89,2,Gas,52.2,Yes,3,No
T002271,21.27,21,Electronics,210.2,No,1,Yes
T002272,10.9,20,Travel,416.2,Yes,2,No
T002273,94.98,1,Travel,39.4,No,2,No
T002274,46.59,5,Electronics,264.2,Yes,1,No
T002275,41.53,4,Groceries,16.9,Yes,2,No
T002276,158.39,9,Gas,380.5,Yes,1,No
T002277,49.58,20,Electronics,202.2,Yes,0,No
T002278,99.54,15,Gas,153.2,No,1,Yes
T002279,5.0,17,Travel,127.3,Yes,3,No
T002280,83.86,10,Electronics,138.7,No,3,No
T002281,49.31,5,Electronics,356.6,No,2,No
T002282,31.33,6,Gas,88.8,Yes,5,No
T002283,22.87,23,Groceries,102.2,Yes,2,No
T002284,9.34,10,Travel,149.6,Yes,1,No
T002285,273.34,13,Travel,27.9,Yes,3,No
T002286,90.03,15,Travel,255.0,No,1,No
T002287,19.05,15,Travel,191.0,Yes,5,No
T002288,92.56,11,Online,74.1,Yes,3,No
T002289,12.31,22,Groceries,15.3,Yes,1,No
T002290,66.35,18,Groceries,84.5,Yes,2,No
T002291,86.15,5,Electronics,65.2,Yes,2,No
T002292,44.96,13,Groceries,480.2,No,1,No
T002293,41.89,18,Online,196.3,Yes,0,No
T002294,34.84,13,Electronics,376.5,No,0,No
T002295,153.88,18,Online,3.3,Yes,3,No
T002296,18.28,4,Online,218.1,No,4,No
T002297,91.81,13,Gas,125.5,No,2,No
T002298,38.94,10,Online,282.6,Yes,4,No
T002299,276.11,21,Electronics,210.6,Yes,2,No
T002300,20.84,7,Travel,225.7,No,1,No
T002301,52.8,12,Electronics,462.2,Yes,0,No
T002302,95.21,16,Online,251.6,Yes,1,No
T002303,66.46,20,Online,121.3,No,4,No
T002304,33.27,16,Travel,38.7,Yes,5,No
T002305,125.93,22,Online,134.4,No,6,No
T002306,19.63,20,Travel,110.7,Yes,2,No
T002307,160.23,8,Online,45.1,Yes,0,No
T002308,190.58,13,Travel,57.3,No,3,No
T002309,130.65,18,Electronics,8.2,Yes,1,No
T002310,15.02,11,Online,228.0,Yes,4,No
T002311,34.75,2,Groceries,268.8,No,2,No
T002312,34.38,22,Groceries,65.7,Yes,1,No
T002313,77.23,15,Groceries,39.0,No,3,Yes
T002314,45.41,18,Electronics,115.8,No,1,No
T002315,39.25,8,Electronics,88.6,No,3,No
T002316,79.54,0,Electronics,143.7,No,1,Yes
T002317,96.45,13,Groceries,33.6,Yes,2,No
T002318,160.88,15,Groceries,100.4,No,1,No
T002319,24.37,22,Travel,136.5,Yes,2,No
T002320,41.47,11,Gas,204.9,Yes,0,No
T002321,85.69,10,Travel,93.1,Yes,1,No
T002322,237.68,21,Gas,188.4,Yes,5,No
T002323,99.32,11,Online,57.4,Yes,3,No
T002324,37.16,16,Online,148.6,Yes,3,No
T002325,19.41,6,Groceries,100.4,Yes,2,No
T002326,189.1,11,Gas,233.7,Yes,2,No
T002327,54.26,7,Gas,95.6,Yes,2,No
T002328,75.19,3,Groceries,287.4,No,2,No
T002329,215.85,2,Online,16.7,Yes,1,No
T002330,48.89,12,Online,85.2,Yes,4,No
T002331,36.84,20,Travel,219.5,No,1,Yes
T002332,34.42,7,Groceries,169.2,Yes,3,Yes
T002333,107.7,3,Online,472.1,Yes,1,No
T002334,177.83,9,Travel,239.6,No,4,Yes
T002335,19.75,8,Groceries,29.4,Yes,1,No
T002336,58.69,23,Groceries,229.0,Yes,3,No
T002337,23.86,13,Gas,117.0,Yes,1,No
T002338,18.08,6,Travel,44.4,No,2,No
T002339,72.86,8,Online,108.8,Yes,2,No
T002340,115.24,4,Travel,198.1,No,2,Yes
T002341,279.13,15,Gas,2.4,Yes,2,No
T002342,118.71,12,Gas,507.2,No,3,No
T002343,105.67,16,Gas,28.3,No,3,No
T002344,90.97,4,Online,13.0,Yes,1,No
T002345,47.32,4,Online,6.0,No,2,No
T002346,50.24,12,Groceries,37.0,Yes,2,No
T002347,41.06,7,Gas,71.8,Yes,2,No
T002348,112.38,1,Travel,28.8,Yes,3,No
T002349,20.37,0,Travel,1.4,Yes,2,No
T002350,157.46,4,Electronics,207.5,Yes,2,No
T002351,72.64,19,Electronics,428.9,Yes,1,No
T002352,28.84,10,Online,62.2,No,3,No
T002353,42.65,17,Online,94.3,Yes,1,No
T002354,50.36,22,Gas,90.7,No,4,No
T002355,117.81,18,Travel,133.4,Yes,1,No
T002356,9.62,15,Gas,82.1,No,0,No
T002357,37.71,22,Groceries,64.5,Yes,5,No
T002358,72.36,6,Travel,160.5,No,1,No
T002359,49.04,15,Electronics,27.2,Yes,1,No
T002360,74.87,2,Gas,122.0,Yes,3,No
T002361,65.08,9,Travel,169.3,Yes,0,No
T002362,96.43,17,Gas,109.8,Yes,5,No
T002363,53.0,11,Gas,115.3,Yes,4,No
T002364,18.13,11,Travel,273.3,Yes,2,No
T002365,11.71,14,Groceries,209.3,Yes,1,No
T002366,16.74,2,Online,148.6,Yes,4,No
T002367,17.14,13,Online,257.1,No,1,No
T002368,32.11,16,Electronics,97.4,Yes,2,No
T002369,45.62,22,Gas,224.1,No,1,No
T002370,34.77,21,Groceries,595.5,Yes,4,No
T002371,19.98,14,Travel,97.6,No,3,No
T002372,76.97,4,Online,287.3,No,0,No
T002373,123.27,20,Travel,169.6,No,5,No
T002374,54.73,23,Groceries,215.6,Yes,2,No
T002375,57.19,3,Travel,280.4,No,2,No
T002376,27.66,8,Travel,56.0,No,0,No
T002377,14.16,15,Electronics,115.6,Yes,1,Yes
T002378,195.68,7,Online,60.0,Yes,3,No
T002379,9.66,16,Electronics,28.4,Yes,4,No
T002380,182.7,2,Online,356.7,Yes,1,No
T002381,63.39,1,Online,111.1,Yes,0,No
T002382,37.23,0,Electronics,87.7,No,1,No
T002383,89.17,1,Groceries,104.4,No,0,No
T002384,12.49,8,Online,2.5,Yes,1,No
T002385,268.51,2,Online,80.2,Yes,2,No
T002386,7.92,22,Gas,57.8,Yes,0,No
T002387,11.3,23,Electronics,53.4,Yes,3,No
T002388,183.48,22,Electronics,59.3,No,4,No
T002389,256.5,20,Electronics,128.8,Yes,3,No
T002390,82.05,0,Online,9.7,Yes,6,No
T002391,21.97,12,Online,634.9,Yes,2,Yes
T002392,174.29,17,Gas,222.4,Yes,1,No
T002393,78.22,23,Gas,350.4,No,1,No
T002394,140.54,11,Groceries,68.4,Yes,1,No
T002395,24.12,15,Groceries,234.8,Yes,0,No
T002396,99.59,22,Online,82.3,Yes,0,No
T002397,19.52,10,Online,338.4,Yes,3,No
T002398,113.89,19,Electronics,180.0,Yes,6,No
T002399,77.65,2,Travel,329.7,No,1,No
T002400,48.74,6,Gas,166.1,Yes,2,No
T002401,73.45,11,Gas,171.8,Yes,1,No
T002402,235.94,2,Electronics,266.5,No,0,No
T002403,59.05,8,Online,104.5,Yes,1,No
T002404,28.13,2,Groceries,125.6,No,3,Yes
T002405,8.32,2,Groceries,132.9,Yes,8,No
T002406,11.44,2,Groceries,502.1,Yes,2,No
T002407,20.58,14,Gas,416.3,Yes,3,No
T002408,25.02,1,Gas,226.2,Yes,2,No
T002409,65.85,11,Electronics,50.0,No,7,No
T002410,67.1,8,Groceries,241.7,No,0,No
T002411,45.51,10,Travel,237.7,No,1,No
T002412,216.01,17,Gas,23.2,No,2,No
T002413,5.92,14,Gas,26.6,No,1,No
T002414,249.59,12,Groceries,81.0,Yes,0,No
T002415,182.85,22,Groceries,143.0,No,3,Yes
T002416,41.93,20,Electronics,38.9,Yes,2,No
T002417,25.47,15,Gas,250.5,Yes,0,No
T002418,98.24,3,Electronics,209.5,Yes,2,No
T002419,117.16,16,Online,85.1,Yes,0,No
T002420,97.98,7,Online,45.8,No,3,Yes
T002421,1683.76,14,Gas,119.7,Yes,3,No
T002422,57.85,11,Travel,56.5,No,1,No
T002423,80.77,3,Online,61.4,No,1,No
T002424,44.45,6,Electronics,159.5,No,1,No
T002425,44.57,19,Online,217.8,Yes,3,No
T002426,59.26,8,Travel,429.2,No,2,No
T002427,48.51,13,Travel,20.0,Yes,3,No
T002428,84.52,6,Travel,294.9,Yes,3,No
T002429,24.49,7,Gas,209.1,Yes,1,No
T002430,202.21,20,Travel,86.8,Yes,0,No
T002431,31.67,3,Travel,100.3,Yes,0,No
T002432,21.12,11,Online,167.6,No,4,No
T002433,42.32,4,Groceries,227.2,Yes,1,No
T002434,27.44,18,Online,185.3,Yes,7,No
T002435,136.71,12,Electronics,28.0,Yes,2,No
T002436,162.74,0,Electronics,91.4,Yes,1,No
T002437,98.28,17,Gas,205.2,No,1,No
T002438,17.87,23,Groceries,113.9,Yes,2,No
T002439,216.71,18,Gas,143.7,Yes,1,No
T002440,21.15,20,Groceries,69.0,No,2,No
T002441,164.72,12,Online,61.2,Yes,3,No
T002442,272.02,9,Travel,262.2,Yes,1,No
T002443,28.21,16,Electronics,45.4,Yes,4,No
T002444,31.0,14,Travel,90.8,Yes,1,No
T002445,403.76,17,Groceries,172.5,Yes,2,No
T002446,27.38,14,Electronics,6.4,No,6,No
T002447,45.42,23,Online,295.8,Yes,1,No
T002448,58.27,13,Electronics,225.9,Yes,1,No
T002449,82.86,7,Travel,252.1,Yes,2,No
T002450,43.98,11,Electronics,338.2,Yes,0,No
T002451,27.5,7,Online,0.1,Yes,1,No
T002452,1560.69,5,Online,312.3,No,1,No
T002453,63.49,8,Electronics,292.8,No,3,No
T002454,329.39,1,Travel,318.9,Yes,2,No
T002455,51.08,5,Gas,21.4,Yes,1,No
T002456,34.05,5,Electronics,185.4,Yes,0,No
T002457,16.37,1,Travel,259.3,No,2,No
T002458,159.42,1,Groceries,2.9,Yes,0,No
T002459,74.66,11,Travel,180.4,Yes,0,No
T002460,8.43,9,Groceries,151.3,Yes,3,No
T002461,120.12,21,Electronics,72.1,No,0,No
T002462,20.17,0,Electronics,117.9,No,2,No
T002463,34.0,7,Travel,213.4,No,2,No
T002464,42.93,21,Online,68.3,No,0,Yes
T002465,137.1,6,Travel,234.8,Yes,1,No
T002466,130.58,10,Electronics,51.5,No,2,No
T002467,27.73,9,Gas,527.0,No,3,Yes
T002468,63.08,11,Online,417.3,Yes,0,No
T002469,24.43,17,Online,27.4,Yes,1,No
T002470,63.32,4,Groceries,114.2,Yes,1,Yes
T002471,40.4,17,Electronics,231.9,Yes,2,No
T002472,41.88,20,Gas,286.4,No,0,Yes
T002473,64.72,16,Gas,6.8,Yes,3,No
T002474,279.12,22,Groceries,131.5,Yes,1,No
T002475,46.49,14,Travel,292.5,No,4,No
T002476,44.53,21,Groceries,369.3,Yes,1,No
T002477,132.67,16,Gas,44.2,No,0,No
T002478,98.26,18,Electronics,60.9,Yes,4,No
T002479,139.93,21,Electronics,98.5,No,0,Yes
T002480,33.23,3,Gas,149.6,Yes,1,No
T002481,154.1,0,Online,265.8,Yes,1,No
T002482,133.3,1,Online,13.4,Yes,5,No
T002483,117.39,1,Gas,535.3,No,4,No
T002484,89.71,23,Electronics,124.1,No,4,No
T002485,212.68,9,Groceries,78.9,Yes,3,No
T002486,35.6,20,Travel,332.9,Yes,3,No
T002487,36.94,0,Groceries,157.6,Yes,3,No
T002488,31.14,15,Travel,3.2,No,2,No
T002489,41.09,12,Groceries,16.7,Yes,1,No
T002490,149.96,14,Travel,295.2,Yes,1,No
T002491,167.55,4,Electronics,54.4,No,2,No
T002492,18.29,9,Electronics,134.0,No,1,Yes
T002493,32.92,7,Travel,530.3,Yes,2,No
T002494,18.87,8,Gas,123.6,Yes,0,No
T002495,227.28,6,Online,98.1,Yes,2,No
T002496,45.73,18,Electronics,244.8,Yes,2,No
T002497,48.51,9,Gas,511.0,No,1,No
T002498,99.22,15,Electronics,73.7,Yes,1,No
T002499,32.9,7,Gas,34.4,No,2,No
T002500,18.84,0,Groceries,559.9,No,1,No
T002501,47.59,20,Gas,378.3,Yes,2,No
T002502,214.44,18,Groceries,111.9,Yes,3,No
T002503,131.27,17,Online,35.8,Yes,3,No
T002504,47.99,18,Travel,255.1,Yes,1,No
T002505,89.56,2,Groceries,143.6,No,1,Yes
T002506,57.88,5,Groceries,113.0,Yes,4,No
T002507,106.46,6,Groceries,205.1,Yes,3,No
T002508,35.68,23,Gas,265.1,No,3,Yes
T002509,96.44,0,Gas,273.3,Yes,1,No
T002510,71.06,15,Groceries,78.4,Yes,3,No
T002511,26.43,16,Gas,341.2,Yes,2,No
T002512,128.09,17,Groceries,202.8,No,0,No
T002513,54.63,23,Online,144.1,Yes,0,No
T002514,44.84,18,Groceries,102.5,Yes,1,No
T002515,188.68,5,Travel,374.7,Yes,1,No
T002516,53.91,5,Travel,8.6,No,2,No
T002517,22.32,10,Travel,15.8,No,2,No
T002518,35.19,4,Gas,233.3,Yes,3,No
T002519,97.41,11,Groceries,26.2,Yes,1,No
T002520,21.55,7,Electronics,38.6,Yes,2,No
T002521,40.24,1,Gas,59.5,No,3,Yes
T002522,44.37,15,Electronics,30.9,No,1,No
T002523,188.42,11,Travel,346.7,Yes,1,No
T002524,19.71,14,Gas,129.4,Yes,0,No
T002525,62.02,7,Groceries,151.8,Yes,1,No
T002526,77.67,9,Groceries,246.8,Yes,6,No
T002527,28.56,6,Online,388.7,Yes,2,No
T002528,267.35,19,Online,66.1,Yes,3,No
T002529,50.09,5,Travel,117.0,No,2,No
T002530,215.91,1,Travel,344.4,Yes,1,No
T002531,84.99,15,Groceries,65.1,Yes,3,Yes
T002532,24.39,11,Online,108.1,Yes,0,No
T002533,41.73,19,Electronics,78.7,Yes,0,No
T002534,118.69,9,Travel,25.0,Yes,0,No
T002535,20.96,8,Electronics,60.8,No,4,No
T002536,32.84,17,Travel,558.8,Yes,2,Yes
T002537,48.04,1,Electronics,170.1,Yes,2,No
T002538,18.87,20,Online,190.0,Yes,3,No
T002539,918.18,20,Gas,230.6,Yes,2,No
T002540,315.0,18,Online,185.1,Yes,2,No
T002541,599.0,15,Travel,172.3,No,2,No
T002542,93.8,21,Travel,292.1,Yes,2,No
T002543,37.48,6,Groceries,329.5,Yes,1,No
T002544,60.17,16,Electronics,186.4,Yes,1,No
T002545,84.73,4,Groceries,143.5,Yes,1,No
T002546,7.93,21,Travel,87.8,Yes,2,No
T002547,35.9,19,Online,245.7,Yes,1,No
T002548,377.78,19,Online,277.4,Yes,2,No
T002549,128.55,1,Travel,344.5,Yes,1,No
T002550,34.9,11,Online,144.3,No,3,No
T002551,26.06,17,Electronics,109.5,Yes,3,No
T002552,13.33,18,Gas,181.1,Yes,1,No
T002553,26.26,21,Travel,620.0,No,3,Yes
T002554,17.38,2,Online,125.8,No,2,Yes
T002555,104.7,4,Online,16.7,No,4,Yes
T002556,47.63,19,Electronics,215.7,Yes,3,No
T002557,175.54,15,Travel,62.2,Yes,2,No
T002558,32.92,9,Online,53.7,Yes,4,No
T002559,17.02,14,Groceries,189.8,Yes,1,No
T002560,22.24,3,Gas,324.6,No,6,No
T002561,161.83,17,Groceries,53.5,Yes,5,No
T002562,79.07,2,Gas,231.2,No,2,Yes
T002563,25.43,9,Gas,4.8,No,3,No
T002564,74.33,13,Travel,31.6,Yes,1,No
T002565,34.91,18,Electronics,45.3,No,3,No
T002566,83.36,6,Groceries,200.9,No,0,No
T002567,46.38,22,Travel,144.5,No,3,No
T002568,32.07,14,Gas,132.0,No,3,No
T002569,105.66,20,Electronics,131.9,No,1,No
T002570,18.31,7,Gas,32.8,No,3,No
T002571,169.8,1,Electronics,67.3,No,1,No
T002572,166.23,4,Electronics,197.1,Yes,0,No
T002573,264.91,2,Travel,76.5,Yes,4,No
T002574,57.38,3,Travel,65.7,Yes,2,No
T002575,145.9,20,Travel,209.3,Yes,1,No
T002576,163.26,19,Online,324.5,Yes,1,No
T002577,176.72,21,Gas,84.0,Yes,1,No
T002578,42.26,22,Electronics,23.8,Yes,2,No
T002579,4.04,12,Online,131.3,Yes,3,No
T002580,46.25,12,Travel,442.1,Yes,4,No
T002581,46.15,8,Online,143.7,Yes,3,No
T002582,547.0,19,Online,65.6,Yes,2,No
T002583,14.15,3,Online,84.3,No,5,No
T002584,3.6,23,Gas,269.9,No,3,No
T002585,31.41,20,Gas,353.7,Yes,1,No
T002586,342.68,10,Online,34.1,Yes,3,No
T002587,260.62,0,Travel,166.5,Yes,1,No
T002588,123.92,12,Gas,322.3,Yes,0,No
T002589,78.62,0,Online,156.4,Yes,1,Yes
T002590,89.41,4,Electronics,234.0,No,1,No
T002591,275.29,19,Travel,19.5,Yes,3,No
T002592,77.25,18,Gas,325.0,Yes,3,No
T002593,70.35,13,Travel,116.5,Yes,5,No
T002594,14.88,14,Groceries,15.4,No,4,No
T002595,29.58,2,Travel,82.3,Yes,4,No
T002596,187.72,11,Gas,105.6,Yes,3,No
T002597,76.92,20,Online,205.5,Yes,0,No
T002598,36.35,22,Travel,106.4,No,3,No
T002599,59.56,15,Online,44.2,Yes,1,No
T002600,14.6,6,Groceries,160.0,No,2,No
T002601,65.27,8,Online,58.5,Yes,1,No
T002602,13.64,5,Travel,74.5,Yes,3,No
T002603,159.74,3,Electronics,195.6,Yes,1,No
T002604,198.3,6,Travel,322.5,Yes,1,No
T002605,184.64,11,Electronics,73.5,Yes,1,No
T002606,48.89,3,Electronics,166.4,Yes,3,No
T002607,8.49,21,Electronics,249.0,Yes,3,No
T002608,95.66,12,Groceries,80.3,Yes,3,No
T002609,421.67,2,Groceries,77.3,Yes,2,No
T002610,38.18,20,Online,35.3,Yes,2,No
T002611,37.62,21,Gas,474.9,Yes,1,No
T002612,56.01,8,Electronics,18.1,Yes,2,No
T002613,271.41,7,Online,110.0,Yes,1,No
T002614,17.9,9,Groceries,263.6,Yes,5,No
T002615,21.62,20,Gas,169.2,Yes,2,No
T002616,28.52,18,Travel,87.5,Yes,3,No
T002617,217.99,11,Travel,65.8,Yes,1,No
T002618,43.79,16,Electronics,27.6,No,2,No
T002619,27.03,7,Electronics,41.3,Yes,0,No
T002620,55.93,2,Travel,50.2,No,1,Yes
T002621,94.09,8,Travel,334.0,No,4,No
T002622,8.52,11,Gas,57.1,Yes,2,No
T002623,16.97,21,Gas,9.1,Yes,2,No
T002624,923.13,12,Gas,375.7,No,1,No
T002625,66.16,9,Travel,45.5,No,1,No
T002626,398.64,7,Gas,113.2,Yes,2,No
T002627,11.09,19,Online,35.8,Yes,6,Yes
T002628,154.17,5,Gas,191.0,No,3,No
T002629,103.05,22,Gas,172.6,Yes,1,No
T002630,24.5,18,Travel,307.2,No,1,No
T002631,141.71,16,Gas,401.5,Yes,2,No
T002632,27.55,5,Groceries,84.3,Yes,1,No
T002633,4.85,8,Online,146.0,Yes,0,No
T002634,23.84,3,Travel,88.7,Yes,5,No
T002635,54.5,22,Electronics,365.4,Yes,2,No
T002636,162.37,17,Gas,360.1,No,4,No
T002637,20.62,4,Gas,105.2,No,1,No
T002638,42.06,15,Online,48.0,No,1,No
T002639,17.92,21,Electronics,152.0,Yes,3,No
T002640,111.33,16,Gas,349.7,Yes,2,No
T002641,98.13,19,Groceries,155.7,Yes,3,No
T002642,43.69,7,Electronics,106.2,Yes,1,No
T002643,65.3,12,Groceries,270.8,Yes,0,No
T002644,56.62,22,Travel,347.6,Yes,1,No
T002645,357.14,9,Online,55.2,Yes,0,No
T002646,233.59,15,Online,253.1,Yes,2,No
T002647,411.32,12,Travel,572.4,No,4,No
T002648,20.93,8,Electronics,150.5,Yes,3,No
T002649,78.43,12,Online,240.2,No,3,No
T002650,94.84,7,Online,283.8,Yes,1,No
T002651,198.07,12,Electronics,9.9,Yes,1,No
T002652,28.8,7,Travel,131.7,No,1,No
T002653,48.38,6,Gas,157.2,No,1,No
T002654,12.62,7,Groceries,254.8,Yes,1,No
T002655,26.97,14,Travel,308.8,Yes,2,No
T002656,142.25,22,Electronics,2.5,No,0,No
T002657,148.68,21,Gas,216.7,No,1,No
T002658,22.88,10,Travel,147.6,No,2,No
T002659,16.57,18,Travel,69.6,No,0,Yes
T002660,44.34,4,Gas,109.7,No,4,Yes
T002661,29.11,12,Online,41.3,Yes,3,No
T002662,319.69,15,Online,102.0,Yes,1,No
T002663,31.85,23,Gas,135.9,Yes,2,No
T002664,125.87,19,Travel,308.9,No,1,No
T002665,140.28,22,Online,188.2,No,3,No
T002666,120.64,14,Groceries,39.2,No,3,No
T002667,26.57,1,Groceries,33.2,Yes,2,No
T002668,23.26,1,Groceries,254.7,Yes,2,No
T002669,36.27,21,Online,86.5,No,1,No
T002670,59.35,3,Groceries,109.0,Yes,6,No
T002671,27.38,6,Electronics,240.1,No,1,No
T002672,110.33,20,Electronics,22.9,Yes,1,No
T002673,76.8,22,Online,58.1,No,1,No
T002674,182.58,20,Travel,171.6,No,2,No
T002675,44.65,2,Electronics,221.8,No,0,No
T002676,204.7,14,Online,243.9,Yes,3,No
T002677,76.61,14,Gas,467.2,No,0,No
T002678,24.64,3,Travel,219.9,Yes,2,Yes
T002679,274.52,18,Electronics,58.0,No,1,No
T002680,47.99,14,Travel,354.8,Yes,1,No
T002681,71.01,1,Online,133.2,Yes,5,No
T002682,323.04,4,Gas,249.0,Yes,5,No
T002683,32.01,13,Groceries,54.4,No,2,No
T002684,86.65,7,Gas,34.5,No,1,No
T002685,32.21,5,Gas,58.6,Yes,2,No
T002686,200.99,7,Online,255.7,Yes,5,No
T002687,16.87,7,Gas,410.3,Yes,4,No
T002688,49.81,22,Online,200.3,Yes,2,Yes
T002689,161.99,3,Groceries,293.2,Yes,3,No
T002690,199.18,1,Groceries,32.2,No,2,Yes
T002691,100.47,14,Electronics,356.1,No,1,Yes
T002692,5.65,11,Groceries,213.4,Yes,0,No
T002693,253.41,8,Online,265.0,Yes,4,No
T002694,57.52,5,Online,77.0,Yes,0,No
T002695,44.6,10,Electronics,264.2,Yes,1,No
T002696,73.98,4,Electronics,104.4,Yes,3,No
T002697,118.37,5,Groceries,41.6,No,3,Yes
T002698,20.18,22,Online,70.4,Yes,1,No
T002699,95.53,23,Gas,62.6,No,3,No
T002700,32.99,1,Groceries,156.4,Yes,1,No
T002701,387.03,1,Travel,370.4,No,0,No
T002702,185.62,8,Online,208.9,Yes,1,No
T002703,64.57,6,Electronics,101.7,Yes,3,No
T002704,427.21,17,Gas,365.7,Yes,2,No
T002705,56.44,4,Travel,46.4,Yes,1,No
T002706,12.15,13,Online,2.5,Yes,2,No
T002707,112.71,1,Groceries,218.4,Yes,0,No
T002708,116.21,14,Online,75.6,Yes,3,No
T002709,45.86,9,Groceries,29.5,No,1,No
T002710,101.03,21,Groceries,325.9,Yes,1,No
T002711,140.07,0,Electronics,65.7,Yes,1,No
T002712,48.6,9,Gas,11.8,No,3,No
T002713,52.86,1,Online,59.1,Yes,1,No
T002714,56.02,13,Gas,108.4,No,0,Yes
T002715,46.73,6,Travel,284.8,No,3,No
T002716,48.23,12,Travel,305.6,Yes,1,No
T002717,207.33,23,Gas,468.7,No,3,No
T002718,101.32,3,Online,61.3,No,2,No
T002719,87.38,5,Travel,100.5,Yes,2,No
T002720,20.72,20,Groceries,457.1,Yes,4,No
T002721,56.67,8,Electronics,57.3,No,1,No
T002722,68.0,15,Gas,191.8,Yes,1,No
T002723,47.89,17,Gas,259.8,Yes,2,No
T002724,145.34,0,Travel,87.7,No,2,Yes
T002725,17.27,5,Groceries,135.1,Yes,0,No
T002726,31.55,1,Gas,128.9,Yes,0,No
T002727,4.3,18,Travel,105.4,Yes,1,No
T002728,25.87,21,Groceries,217.6,Yes,2,No
T002729,268.39,4,Gas,173.0,Yes,4,No
T002730,18.74,22,Online,203.6,Yes,3,No
T002731,33.22,5,Travel,61.5,Yes,1,No
T002732,235.28,20,Online,87.6,Yes,5,No
T002733,17.48,2,Electronics,423.2,Yes,2,No
T002734,10.11,4,Electronics,449.0,Yes,3,No
T002735,108.17,17,Groceries,73.5,Yes,3,No
T002736,183.3,9,Online,92.4,No,1,No
T002737,86.32,0,Electronics,100.7,Yes,3,No
T002738,4.44,7,Online,309.3,Yes,1,No
T002739,68.62,8,Online,113.3,No,3,Yes
T002740,42.07,15,Online,142.5,Yes,3,No
T002741,63.48,7,Gas,329.9,No,1,No
T002742,46.4,13,Travel,474.2,Yes,1,No
T002743,32.52,23,Gas,108.1,Yes,3,No
T002744,88.29,20,Online,361.5,No,3,No
T002745,20.99,9,Online,12.0,Yes,4,No
T002746,32.87,8,Travel,315.8,No,3,No
T002747,77.68,7,Online,252.8,Yes,3,No
T002748,76.6,20,Travel,106.5,Yes,3,No
T002749,40.97,23,Gas,91.7,Yes,1,No
T002750,172.22,15,Groceries,303.1,Yes,0,No
T002751,711.96,13,Groceries,57.4,No,2,No
T002752,4.6,0,Gas,272.8,Yes,2,No
T002753,34.04,9,Electronics,27.0,Yes,2,No
T002754,71.31,11,Online,14.8,Yes,1,No
T002755,132.57,0,Online,68.8,Yes,3,Yes
T002756,30.32,7,Gas,51.4,Yes,2,No
T002757,10.84,5,Online,151.8,No,2,No
T002758,128.62,21,Electronics,293.7,Yes,0,Yes
T002759,53.63,18,Gas,432.9,Yes,4,No
T002760,43.69,7,Electronics,22.4,Yes,2,No
T002761,98.69,12,Gas,380.7,Yes,4,No
T002762,13.88,4,Gas,330.7,Yes,2,No
T002763,49.47,6,Gas,88.3,Yes,6,No
T002764,33.69,11,Travel,4.7,Yes,2,No
T002765,82.63,9,Online,159.1,Yes,4,No
T002766,137.36,14,Online,244.6,No,2,No
T002767,57.28,14,Gas,3.2,Yes,2,No
T002768,91.38,19,Electronics,279.2,Yes,1,No
T002769,123.03,21,Groceries,116.2,Yes,2,No
T002770,29.38,1,Online,90.1,Yes,0,Yes
T002771,75.02,18,Travel,113.6,Yes,6,No
T002772,31.5,11,Gas,5.3,Yes,2,No
T002773,41.92,4,Travel,371.1,Yes,1,No
T002774,106.14,23,Travel,20.2,Yes,0,No
T002775,80.06,9,Groceries,147.9,Yes,2,No
T002776,9.94,17,Electronics,350.2,No,2,No
T002777,69.92,14,Online,96.4,No,3,No
T002778,203.65,20,Gas,232.6,No,1,Yes
T002779,105.77,0,Electronics,268.6,Yes,3,No
T002780,194.14,4,Online,244.3,No,1,No
T002781,86.26,17,Groceries,339.5,Yes,3,No
T002782,38.86,14,Electronics,176.4,No,2,No
T002783,23.56,6,Online,53.8,Yes,0,No
T002784,80.14,8,Electronics,123.6,Yes,0,No
T002785,13.89,11,Groceries,245.8,Yes,6,No
T002786,176.85,2,Electronics,146.8,No,0,No
T002787,99.89,0,Travel,55.1,No,2,Yes
T002788,102.3,14,Online,147.6,No,4,No
T002789,73.24,19,Online,28.6,Yes,0,No
T002790,135.8,5,Gas,267.0,Yes,1,No
T002791,89.51,19,Groceries,29.5,Yes,3,No
T002792,99.1,14,Online,13.0,Yes,0,No
T002793,57.62,0,Online,291.3,No,2,No
T002794,6.13,14,Gas,149.5,Yes,4,No
T002795,6.02,8,Gas,186.7,Yes,4,No
T002796,452.48,9,Electronics,181.8,Yes,3,No
T002797,26.05,20,Gas,55.2,Yes,1,No
T002798,26.86,18,Travel,143.1,Yes,2,No
T002799,57.5,9,Groceries,16.9,Yes,1,No
T002800,126.35,0,Online,283.7,No,2,No
T002801,50.11,6,Groceries,158.7,Yes,3,No
T002802,34.99,5,Travel,323.8,Yes,2,No
T002803,26.38,7,Online,91.7,No,4,No
T002804,37.65,17,Gas,41.2,Yes,2,No
T002805,35.35,7,Groceries,20.6,No,3,No
T002806,104.26,15,Travel,110.0,No,1,No
T002807,109.64,11,Gas,9.3,Yes,2,No
T002808,14.99,19,Groceries,263.5,No,2,No
T002809,93.54,14,Online,79.7,Yes,1,No
T002810,78.62,5,Gas,30.0,Yes,1,No
T002811,61.7,20,Online,96.3,Yes,2,No
T002812,57.27,8,Online,93.9,Yes,0,No
T002813,26.25,22,Travel,116.2,No,2,No
T002814,154.29,0,Groceries,99.7,No,4,No
T002815,9.91,14,Groceries,137.1,Yes,3,No
T002816,71.35,19,Groceries,120.9,Yes,2,No
T002817,36.13,18,Gas,105.0,Yes,0,No
T002818,881.05,19,Gas,150.9,No,1,No
T002819,48.74,9,Electronics,249.7,No,1,No
T002820,40.42,0,Travel,236.5,Yes,1,No
T002821,13.67,9,Groceries,73.4,Yes,2,No
T002822,154.8,22,Online,30.9,Yes,2,No
T002823,113.06,1,Gas,284.3,No,3,No
T002824,259.36,11,Gas,7.3,Yes,2,No
T002825,64.13,0,Electronics,0.7,Yes,2,No
T002826,102.37,8,Electronics,219.0,Yes,7,Yes
T002827,12.26,1,Online,87.3,No,3,Yes
T002828,90.59,14,Online,120.8,Yes,4,No
T002829,85.58,2,Groceries,171.9,Yes,0,Yes
T002830,29.07,15,Travel,172.4,No,2,Yes
T002831,53.23,14,Online,102.8,Yes,2,No
T002832,302.14,16,Electronics,124.1,Yes,3,No
T002833,27.75,17,Gas,57.7,Yes,2,No
T002834,34.63,4,Groceries,151.5,Yes,2,No
T002835,75.8,0,Groceries,29.0,No,3,No
T002836,93.94,17,Travel,77.8,Yes,3,No
T002837,110.83,14,Gas,6.3,Yes,1,No
T002838,134.49,2,Electronics,392.3,Yes,2,No
T002839,138.69,9,Gas,297.2,Yes,0,No
T002840,118.59,7,Groceries,456.8,Yes,5,No
T002841,27.92,5,Electronics,43.4,No,2,No
T002842,27.97,20,Groceries,617.0,Yes,3,Yes
T002843,157.0,5,Electronics,276.3,Yes,1,No
T002844,203.95,23,Groceries,149.0,Yes,4,No
T002845,641.94,3,Online,253.2,Yes,2,No
T002846,405.85,2,Travel,47.9,Yes,1,No
T002847,100.37,0,Groceries,5.0,No,2,No
T002848,117.54,7,Groceries,113.3,Yes,6,No
T002849,79.0,20,Groceries,306.8,Yes,2,No
T002850,184.77,4,Gas,158.5,Yes,3,No
T002851,12.85,15,Travel,99.1,Yes,4,No
T002852,382.7,10,Travel,394.4,Yes,1,No
T002853,39.85,0,Travel,183.2,Yes,1,No
T002854,14.41,19,Gas,216.1,Yes,0,No
T002855,151.25,16,Travel,168.9,Yes,2,No
T002856,90.08,0,Electronics,68.0,Yes,4,No
T002857,35.42,18,Travel,312.5,Yes,1,No
T002858,26.0,3,Groceries,362.0,Yes,1,No
T002859,33.94,3,Online,53.5,Yes,2,No
T002860,47.85,18,Gas,113.8,Yes,0,No
T002861,98.1,13,Online,152.2,Yes,2,No
T002862,51.69,22,Groceries,364.4,No,3,Yes
T002863,1203.11,4,Gas,159.6,No,3,No
T002864,253.86,23,Electronics,180.5,No,0,No
T002865,30.98,23,Groceries,300.6,Yes,1,No
T002866,40.59,20,Groceries,98.4,Yes,3,No
T002867,29.17,20,Online,131.0,Yes,2,No
T002868,97.84,7,Electronics,240.8,Yes,1,No
T002869,29.46,5,Online,4.7,Yes,6,No
T002870,276.95,22,Electronics,14.3,Yes,3,No
T002871,11.38,16,Electronics,156.3,Yes,2,No
T002872,66.64,18,Online,209.2,No,3,No
T002873,63.49,23,Travel,509.9,No,3,No
T002874,34.89,7,Groceries,29.1,No,2,No
T002875,31.0,13,Travel,164.9,Yes,0,No
T002876,3.15,10,Travel,117.8,No,1,No
T002877,94.73,11,Travel,129.0,No,5,Yes
T002878,28.25,5,Online,212.0,Yes,2,No
T002879,85.12,17,Online,56.7,No,2,No
T002880,139.43,1,Travel,29.1,Yes,1,No
T002881,24.62,14,Online,26.9,Yes,2,No
T002882,68.9,4,Online,41.5,No,4,Yes
T002883,50.37,4,Gas,350.8,Yes,3,No
T002884,200.43,1,Online,255.4,Yes,3,No
T002885,20.45,17,Electronics,64.8,Yes,3,No
T002886,2.91,16,Groceries,156.8,Yes,2,No
T002887,61.5,14,Online,182.5,Yes,2,No
T002888,189.47,23,Groceries,286.5,Yes,2,No
T002889,148.83,1,Electronics,58.1,Yes,1,No
T002890,63.15,2,Travel,56.0,Yes,2,No
T002891,293.99,20,Travel,139.3,No,3,No
T002892,97.83,4,Groceries,80.6,Yes,4,Yes
T002893,45.84,20,Electronics,160.5,No,2,No
T002894,16.36,21,Groceries,102.9,Yes,2,No
T002895,20.83,0,Groceries,318.5,Yes,2,Yes
T002896,69.9,20,Groceries,153.6,Yes,3,No
T002897,163.15,18,Gas,380.5,Yes,2,No
T002898,49.35,8,Groceries,11.7,Yes,0,No
T002899,23.35,5,Groceries,100.2,No,2,No
T002900,3.64,12,Online,18.7,Yes,3,No
T002901,51.19,7,Travel,30.2,Yes,0,No
T002902,35.21,22,Groceries,219.4,Yes,2,No
T002903,228.79,10,Online,362.5,Yes,1,No
T002904,37.46,12,Gas,153.0,Yes,2,No
T002905,72.96,17,Online,81.3,No,0,No
T002906,117.66,8,Gas,162.3,Yes,4,No
T002907,44.7,6,Online,47.6,No,2,No
T002908,19.23,9,Online,193.6,Yes,3,No
T002909,450.58,18,Gas,274.8,No,1,Yes
T002910,31.38,7,Online,124.4,No,2,No
T002911,99.15,4,Travel,38.1,Yes,4,No
T002912,309.93,19,Gas,256.0,Yes,2,No
T002913,131.61,19,Groceries,384.3,Yes,2,No
T002914,108.86,11,Electronics,230.6,Yes,3,No
T002915,70.54,4,Groceries,127.5,Yes,2,Yes
T002916,209.02,4,Groceries,302.1,Yes,2,Yes
T002917,17.17,16,Electronics,77.8,No,1,No
T002918,42.94,15,Gas,334.2,No,2,No
T002919,90.36,21,Groceries,7.6,Yes,3,No
T002920,52.34,12,Groceries,45.8,Yes,2,No
T002921,267.61,12,Electronics,141.3,Yes,2,No
T002922,16.24,18,Travel,146.0,Yes,0,No
T002923,279.01,1,Electronics,108.9,Yes,2,No
T002924,216.01,9,Electronics,98.8,No,2,No
T002925,15.18,19,Electronics,208.6,Yes,0,No
T002926,109.51,20,Travel,108.2,No,3,No
T002927,26.61,23,Gas,99.7,No,2,No
T002928,47.32,13,Online,28.9,Yes,2,No
T002929,67.85,9,Travel,47.0,Yes,3,No
T002930,14.2,6,Groceries,102.2,No,2,No
T002931,61.39,1,Online,103.7,Yes,0,No
T002932,42.98,0,Online,15.8,Yes,4,No
T002933,177.52,17,Gas,258.4,Yes,2,No
T002934,205.04,21,Electronics,227.6,No,5,No
T002935,14.28,13,Travel,140.9,Yes,2,No
T002936,126.22,22,Groceries,65.7,No,2,No
T002937,21.85,22,Travel,89.2,Yes,3,No
T002938,51.47,4,Gas,188.6,Yes,1,No
T002939,23.52,6,Online,142.8,No,2,No
T002940,513.12,16,Travel,63.6,Yes,1,No
T002941,42.01,1,Gas,7.4,Yes,3,Yes
T002942,10.32,11,Groceries,51.5,No,2,Yes
T002943,32.58,3,Travel,111.5,Yes,4,No
T002944,36.2,4,Electronics,191.0,No,3,No
T002945,13.91,5,Gas,220.6,Yes,1,No
T002946,239.61,8,Electronics,1.5,Yes,1,No
T002947,79.66,4,Groceries,70.1,Yes,5,No
T002948,47.94,21,Gas,187.7,Yes,1,No
T002949,70.75,23,Gas,317.0,Yes,2,No
T002950,29.86,22,Groceries,6.2,Yes,0,No
T002951,77.14,6,Groceries,423.3,Yes,2,No
T002952,73.94,8,Online,573.9,No,4,No
T002953,9.31,21,Groceries,41.3,Yes,1,Yes
T002954,107.82,6,Gas,245.1,Yes,1,No
T002955,25.65,10,Travel,78.9,No,1,No
T002956,87.26,16,Groceries,328.3,Yes,1,No
T002957,52.48,21,Groceries,48.4,Yes,1,No
T002958,55.5,20,Travel,182.2,Yes,1,No
T002959,103.39,19,Groceries,374.9,Yes,3,No
T002960,412.41,8,Gas,24.3,Yes,1,No
T002961,78.72,4,Electronics,29.4,Yes,2,No
T002962,50.05,10,Electronics,135.1,Yes,4,No
T002963,10.99,15,Online,280.0,Yes,2,No
T002964,49.85,4,Electronics,35.6,Yes,2,No
T002965,27.35,23,Groceries,235.5,No,1,No
T002966,253.09,10,Online,138.2,Yes,1,No
T002967,77.81,1,Gas,114.6,No,4,No
T002968,299.54,5,Electronics,179.1,Yes,2,No
T002969,36.27,7,Groceries,212.0,Yes,2,No
T002970,27.72,5,Travel,117.5,No,2,No
T002971,241.61,18,Electronics,96.2,Yes,1,No
T002972,20.26,19,Online,90.5,Yes,2,No
T002973,185.56,17,Gas,206.5,No,1,No
T002974,79.95,15,Electronics,104.9,No,4,Yes
T002975,27.6,15,Electronics,246.5,Yes,2,Yes
T002976,115.03,11,Gas,33.3,Yes,1,No
T002977,21.96,16,Groceries,243.1,No,3,No
T002978,42.82,21,Gas,10.9,Yes,1,No
T002979,29.66,12,Online,132.3,No,0,No
T002980,147.39,21,Travel,465.1,No,1,No
T002981,23.93,2,Electronics,278.5,Yes,0,No
T002982,206.5,15,Travel,90.0,No,3,No
T002983,47.85,4,Groceries,424.8,Yes,5,No
T002984,192.3,5,Gas,185.0,No,2,No
T002985,73.76,1,Electronics,207.8,Yes,4,No
T002986,12.71,12,Gas,109.9,Yes,2,No
T002987,396.99,4,Groceries,456.9,No,0,No
T002988,104.57,4,Online,184.2,Yes,4,No
T002989,261.78,6,Gas,147.6,No,2,No
T002990,13.05,14,Groceries,96.7,Yes,2,No
T002991,4.41,21,Gas,72.2,Yes,2,No
T002992,275.81,2,Travel,256.8,Yes,2,No
T002993,47.69,11,Travel,336.8,Yes,1,No
T002994,66.78,6,Electronics,380.0,Yes,4,No
T002995,26.48,4,Gas,229.2,Yes,3,Yes
T002996,27.43,10,Groceries,259.3,Yes,3,No
T002997,45.86,18,Online,240.8,Yes,3,No
T002998,93.41,11,Groceries,46.6,No,1,No
T002999,26.65,19,Electronics,102.2,Yes,2,No
T003000,19.13,0,Groceries,316.3,Yes,2,No
