applicant_id,credit_score,annual_income,loan_amount,employment_years,debt_to_income,loan_purpose,Default
A00001,594,38711.0,15220.0,15,0.556,Auto,Yes
A00002,678,47386.0,24076.0,2,0.553,Education,Yes
A00003,616,60937.0,6302.0,11,0.172,Home improvement,No
A00004,699,59991.0,35239.0,7,0.633,Auto,Yes
A00005,705,31267.0,16274.0,16,0.761,Auto,Yes
A00006,574,39892.0,8536.0,0,0.263,Home improvement,Yes
A00007,506,73098.0,9363.0,11,0.173,Personal,No
A00008,814,34838.0,13211.0,19,0.664,Auto,Yes
A00009,690,34447.0,17388.0,0,0.803,Home improvement,No
A00010,635,18725.0,3136.0,15,0.254,Home improvement,No
A00011,688,63949.0,25058.0,20,0.412,Auto,No
A00012,675,86963.0,48974.0,18,0.809,Auto,No
A00013,698,57296.0,14673.0,7,0.287,Home improvement,Yes
A00014,731,64892.0,22309.0,23,0.614,Auto,No
A00015,694,46717.0,22649.0,13,0.508,Personal,Yes
A00016,602,40927.0,9374.0,10,0.475,Education,Yes
A00017,594,52234.0,20692.0,11,0.532,Education,Yes
A00018,685,25373.0,10857.0,7,0.493,Auto,Yes
A00019,690,42788.0,7279.0,23,0.46,Personal,No
A00020,636,61309.0,11198.0,2,0.262,Personal,No
A00021,729,47900.0,8487.0,23,0.445,Home improvement,No
A00022,490,66549.0,24891.0,4,0.514,Personal,Yes
A00023,784,111637.0,41158.0,8,0.501,Education,No
A00024,699,91377.0,20945.0,11,0.452,Personal,Yes
A00025,661,61291.0,8325.0,11,0.422,Education,No
A00026,690,37667.0,12944.0,0,0.512,Auto,No
A00027,592,65707.0,14648.0,2,0.522,Home improvement,No
A00028,661,21460.0,3860.0,9,0.189,Education,No
A00029,709,88592.0,28082.0,23,0.412,Education,Yes
A00030,652,47695.0,18779.0,3,0.675,Home improvement,Yes
A00031,661,62631.0,15549.0,15,0.361,Auto,No
A00032,671,132587.0,13388.0,5,0.211,Auto,No
A00033,529,81842.0,11983.0,7,0.267,Education,Yes
A00034,646,47212.0,13931.0,22,0.385,Education,No
A00035,532,57973.0,7226.0,18,0.352,Personal,No
A00036,596,39157.0,17962.0,0,0.528,Education,Yes
A00037,715,74263.0,7677.0,3,0.314,Auto,No
A00038,508,68912.0,12948.0,6,0.299,Personal,No
A00039,604,36059.0,15788.0,0,0.586,Auto,Yes
A00040,706,67738.0,12874.0,20,0.233,Auto,No
A00041,623,45164.0,9524.0,17,0.393,Education,No
A00042,717,51346.0,25967.0,3,0.797,Auto,Yes
A00043,619,47318.0,19727.0,9,0.544,Home improvement,Yes
A00044,616,38508.0,14739.0,24,0.612,Auto,No
A00045,720,53211.0,21553.0,18,0.49,Home improvement,No
A00046,604,23200.0,9694.0,23,0.541,Home improvement,No
A00047,691,80769.0,36422.0,21,0.535,Education,No
A00048,622,69578.0,33474.0,23,0.713,Home improvement,No
A00049,712,29637.0,5908.0,2,0.452,Home improvement,Yes
A00050,646,37614.0,7235.0,18,0.369,Auto,No
A00051,663,44277.0,19171.0,9,0.48,Education,No
A00052,727,65290.0,26101.0,7,0.513,Auto,No
A00053,541,75660.0,11042.0,22,0.243,Education,Yes
A00054,636,29081.0,15045.0,19,0.75,Home improvement,Yes
A00055,721,51444.0,21078.0,19,0.469,Education,No
A00056,715,74361.0,24302.0,24,0.61,Home improvement,No
A00057,666,43651.0,21910.0,16,0.656,Personal,Yes
A00058,623,36472.0,19045.0,22,0.763,Auto,Yes
A00059,718,31416.0,8448.0,0,0.437,Home improvement,No
A00060,482,43370.0,21032.0,11,0.606,Home improvement,No
A00061,582,28856.0,6350.0,10,0.319,Home improvement,Yes
A00062,597,48726.0,15193.0,3,0.484,Education,No
A00063,654,81753.0,39502.0,19,0.655,Education,No
A00064,419,49415.0,13281.0,24,0.269,Home improvement,No
A00065,703,62094.0,20507.0,19,0.445,Home improvement,No
A00066,742,41411.0,6575.0,23,0.378,Education,No
A00067,711,69679.0,26371.0,9,0.656,Personal,Yes
A00068,689,99044.0,15612.0,13,0.195,Auto,No
A00069,701,19707.0,3800.0,4,0.361,Home improvement,No
A00070,542,24709.0,11265.0,18,0.589,Home improvement,Yes
A00071,619,36400.0,5508.0,16,0.159,Home improvement,No
A00072,728,50890.0,11946.0,8,0.355,Personal,No
A00073,646,51692.0,28745.0,0,0.692,Home improvement,No
A00074,593,56846.0,27693.0,3,0.67,Personal,Yes
A00075,681,63803.0,34104.0,8,0.612,Education,No
A00076,609,45904.0,24588.0,13,0.549,Home improvement,Yes
A00077,812,41504.0,9119.0,16,0.357,Auto,No
A00078,527,43592.0,20693.0,18,0.559,Education,No
A00079,640,65521.0,32677.0,19,0.731,Home improvement,Yes
A00080,563,30075.0,5108.0,22,0.36,Home improvement,Yes
A00081,546,48850.0,18418.0,8,0.647,Personal,No
A00082,698,79418.0,13422.0,12,0.421,Home improvement,No
A00083,664,105053.0,34130.0,3,0.552,Auto,No
A00084,633,34278.0,17550.0,0,0.525,Personal,No
A00085,673,32180.0,4084.0,3,0.424,Auto,No
A00086,590,44813.0,6629.0,3,0.218,Personal,Yes
A00087,537,36178.0,5324.0,23,0.238,Auto,No
A00088,578,68351.0,21440.0,14,0.368,Education,No
A00089,627,33654.0,17638.0,12,0.721,Education,No
A00090,581,83726.0,35102.0,3,0.532,Auto,Yes
A00091,699,49868.0,29356.0,17,0.688,Auto,No
A00092,500,75747.0,22300.0,14,0.567,Auto,No
A00093,654,29494.0,14911.0,20,0.54,Home improvement,No
A00094,719,65113.0,7998.0,15,0.222,Auto,No
A00095,601,47775.0,19172.0,23,0.564,Home improvement,No
A00096,793,67429.0,36531.0,16,0.837,Education,No
A00097,759,41945.0,5010.0,21,0.411,Personal,Yes
A00098,735,47253.0,21836.0,3,0.556,Personal,No
A00099,673,24189.0,6291.0,14,0.489,Home improvement,No
A00100,823,55890.0,29822.0,19,0.76,Auto,No
A00101,667,93985.0,52638.0,18,0.736,Auto,Yes
A00102,798,79363.0,19636.0,12,0.269,Education,Yes
A00103,736,38550.0,7649.0,22,0.232,Auto,No
A00104,629,60089.0,13568.0,11,0.262,Personal,No
A00105,518,111033.0,32831.0,14,0.492,Education,Yes
A00106,807,32987.0,14143.0,3,0.613,Personal,No
A00107,536,81149.0,46034.0,14,0.619,Home improvement,Yes
A00108,617,82593.0,8683.0,6,0.329,Education,No
A00109,643,32595.0,4046.0,1,0.414,Personal,No
A00110,634,25812.0,11312.0,5,0.59,Education,No
A00111,830,31865.0,8411.0,22,0.417,Auto,No
A00112,766,44450.0,22693.0,20,0.724,Personal,No
A00113,751,50575.0,13713.0,23,0.533,Personal,Yes
A00114,659,39658.0,17829.0,22,0.67,Home improvement,No
A00115,732,49599.0,17791.0,14,0.366,Personal,No
A00116,695,66001.0,32959.0,14,0.626,Auto,Yes
A00117,516,104553.0,49200.0,15,0.617,Personal,Yes
A00118,738,74664.0,15111.0,1,0.395,Personal,No
A00119,601,29989.0,4690.0,16,0.372,Education,No
A00120,539,35603.0,6379.0,16,0.26,Personal,No
A00121,610,59637.0,23181.0,10,0.463,Home improvement,No
A00122,601,55206.0,24983.0,1,0.553,Home improvement,No
A00123,665,37599.0,15389.0,0,0.498,Auto,No
A00124,568,186402.0,96842.0,2,0.604,Education,No
A00125,737,34486.0,8856.0,16,0.332,Auto,No
A00126,632,28172.0,7395.0,18,0.446,Home improvement,No
A00127,476,40924.0,16859.0,11,0.658,Home improvement,No
A00128,543,98158.0,27696.0,1,0.329,Auto,No
A00129,690,38333.0,15844.0,7,0.65,Auto,No
A00130,545,86763.0,27939.0,1,0.608,Education,Yes
A00131,570,49438.0,26938.0,13,0.657,Home improvement,No
A00132,631,74105.0,40583.0,0,0.68,Auto,No
A00133,480,40295.0,15788.0,7,0.619,Home improvement,Yes
A00134,616,75284.0,40113.0,7,0.724,Auto,Yes
A00135,707,22090.0,13051.0,16,0.616,Auto,No
A00136,742,62541.0,31743.0,6,0.791,Auto,No
A00137,771,68211.0,32450.0,12,0.774,Personal,Yes
A00138,565,55594.0,29294.0,5,0.636,Auto,Yes
A00139,695,72226.0,13928.0,8,0.469,Home improvement,No
A00140,658,25423.0,9206.0,9,0.484,Education,No
A00141,685,62902.0,22205.0,18,0.478,Personal,No
A00142,700,31535.0,13459.0,4,0.727,Education,Yes
A00143,587,81611.0,44458.0,1,0.784,Personal,No
A00144,521,32694.0,7896.0,1,0.435,Auto,No
A00145,588,29912.0,17943.0,7,0.86,Auto,Yes
A00146,767,72635.0,31383.0,2,0.599,Auto,No
A00147,584,47835.0,10335.0,10,0.394,Home improvement,No
A00148,676,82801.0,38983.0,16,0.751,Personal,No
A00149,704,71172.0,37973.0,20,0.808,Personal,Yes
A00150,636,92023.0,33631.0,22,0.583,Auto,No
A00151,625,46299.0,21696.0,2,0.744,Auto,No
A00152,748,31437.0,17321.0,20,0.697,Education,No
A00153,605,34996.0,12103.0,15,0.359,Auto,No
A00154,735,97079.0,45075.0,3,0.579,Personal,No
A00155,581,69919.0,18917.0,18,0.346,Personal,No
A00156,692,83506.0,30746.0,5,0.516,Personal,No
A00157,593,44489.0,11963.0,12,0.503,Personal,Yes
A00158,504,25980.0,9505.0,13,0.548,Home improvement,No
A00159,755,27861.0,13930.0,17,0.576,Auto,No
A00160,715,27791.0,11352.0,9,0.667,Personal,Yes
A00161,715,30548.0,5199.0,19,0.346,Personal,No
A00162,657,39858.0,11957.0,5,0.42,Home improvement,No
A00163,630,52545.0,31384.0,19,0.616,Home improvement,No
A00164,634,32169.0,5436.0,7,0.372,Auto,No
A00165,723,26858.0,9980.0,15,0.595,Home improvement,No
A00166,655,64406.0,31790.0,7,0.779,Auto,Yes
A00167,821,41818.0,5826.0,17,0.342,Education,No
A00168,734,39370.0,4133.0,11,0.336,Home improvement,No
A00169,560,81521.0,12364.0,11,0.442,Personal,No
A00170,676,53393.0,30115.0,14,0.603,Personal,Yes
A00171,514,50870.0,15018.0,4,0.332,Home improvement,No
A00172,552,23942.0,8777.0,1,0.53,Personal,No
A00173,533,49808.0,22091.0,19,0.576,Auto,Yes
A00174,580,20991.0,5480.0,7,0.554,Personal,No
A00175,632,56811.0,21632.0,16,0.606,Home improvement,Yes
A00176,567,39351.0,4787.0,0,0.249,Home improvement,No
A00177,551,56572.0,27065.0,11,0.527,Home improvement,No
A00178,583,28442.0,16133.0,5,0.593,Education,Yes
A00179,601,37848.0,8148.0,11,0.268,Personal,No
A00180,744,37332.0,19933.0,20,0.827,Education,No
A00181,550,75439.0,19080.0,3,0.545,Education,Yes
A00182,574,81738.0,29868.0,18,0.637,Personal,Yes
A00183,597,90570.0,35371.0,23,0.431,Home improvement,No
A00184,444,44575.0,15685.0,4,0.627,Auto,No
A00185,550,71149.0,40737.0,0,0.851,Home improvement,No
A00186,621,30227.0,8952.0,21,0.473,Personal,No
A00187,663,27594.0,4083.0,17,0.364,Education,No
A00188,593,28177.0,14158.0,12,0.728,Personal,No
A00189,605,45256.0,8463.0,9,0.286,Home improvement,Yes
A00190,658,49642.0,17357.0,3,0.394,Auto,No
A00191,644,105233.0,45746.0,3,0.601,Personal,Yes
A00192,631,17985.0,2141.0,2,0.288,Auto,No
A00193,697,49831.0,27137.0,2,0.701,Home improvement,No
A00194,561,54158.0,20486.0,13,0.391,Personal,Yes
A00195,645,41108.0,7156.0,18,0.422,Personal,No
A00196,644,52160.0,19685.0,21,0.653,Home improvement,No
A00197,704,56885.0,8181.0,1,0.257,Home improvement,No
A00198,691,73905.0,27007.0,2,0.481,Auto,No
A00199,772,33282.0,16498.0,2,0.714,Auto,Yes
A00200,572,94570.0,45237.0,6,0.54,Auto,No
A00201,641,33270.0,16416.0,2,0.625,Education,No
A00202,643,37791.0,4737.0,1,0.195,Personal,No
A00203,476,46059.0,13135.0,22,0.421,Education,Yes
A00204,622,57026.0,5848.0,9,0.246,Auto,No
A00205,592,42946.0,17411.0,17,0.576,Personal,No
A00206,610,40175.0,9944.0,5,0.503,Auto,No
A00207,708,27548.0,7355.0,1,0.352,Auto,No
A00208,555,56397.0,29656.0,8,0.764,Home improvement,No
A00209,683,45493.0,23330.0,15,0.686,Personal,No
A00210,791,53025.0,25892.0,9,0.636,Auto,No
A00211,699,30141.0,5558.0,16,0.231,Education,No
A00212,701,75840.0,10967.0,3,0.241,Education,No
A00213,752,114503.0,46961.0,8,0.543,Auto,Yes
A00214,791,98415.0,29941.0,2,0.312,Education,No
A00215,536,52986.0,23695.0,5,0.701,Education,No
A00216,579,47549.0,7785.0,1,0.339,Auto,No
A00217,714,56304.0,14699.0,6,0.392,Personal,No
A00218,626,54672.0,13379.0,5,0.424,Auto,No
A00219,612,48737.0,29017.0,19,0.829,Auto,Yes
A00220,587,77604.0,21673.0,20,0.461,Auto,Yes
A00221,804,37191.0,21692.0,9,0.625,Education,Yes
A00222,706,27163.0,15914.0,20,0.873,Home improvement,Yes
A00223,688,37811.0,21700.0,10,0.87,Personal,Yes
A00224,498,54801.0,19388.0,15,0.456,Personal,Yes
A00225,703,72764.0,24261.0,18,0.385,Education,No
A00226,450,80869.0,30213.0,12,0.383,Home improvement,No
A00227,795,64139.0,38254.0,21,0.787,Home improvement,Yes
A00228,576,61967.0,18524.0,16,0.409,Personal,No
A00229,543,73208.0,12890.0,11,0.319,Education,No
A00230,534,58703.0,32938.0,3,0.599,Auto,Yes
A00231,604,44582.0,11756.0,2,0.431,Auto,No
A00232,660,54350.0,27475.0,7,0.627,Personal,No
A00233,783,20669.0,2252.0,24,0.364,Auto,No
A00234,593,73106.0,35693.0,9,0.757,Home improvement,Yes
A00235,675,79968.0,14703.0,7,0.258,Personal,No
A00236,603,59375.0,7830.0,15,0.359,Education,No
A00237,554,36021.0,19005.0,21,0.589,Auto,No
A00238,635,108529.0,22150.0,13,0.476,Home improvement,Yes
A00239,579,52580.0,25267.0,4,0.612,Personal,Yes
A00240,667,43141.0,5961.0,12,0.369,Auto,No
A00241,729,41492.0,11239.0,1,0.298,Home improvement,No
A00242,553,39802.0,16644.0,24,0.684,Personal,Yes
A00243,614,117547.0,50667.0,5,0.486,Education,No
A00244,523,17956.0,8419.0,23,0.517,Home improvement,Yes
A00245,763,48613.0,25970.0,3,0.554,Auto,No
A00246,584,43764.0,16001.0,22,0.62,Personal,Yes
A00247,804,146268.0,36883.0,4,0.276,Auto,No
A00248,562,37999.0,5588.0,1,0.167,Personal,No
A00249,662,35720.0,6751.0,9,0.426,Home improvement,No
A00250,647,47088.0,26955.0,16,0.797,Education,Yes
A00251,513,27207.0,6094.0,4,0.324,Home improvement,No
A00252,697,23057.0,6514.0,11,0.286,Auto,No
A00253,544,41831.0,6353.0,24,0.283,Personal,No
A00254,571,38956.0,11063.0,16,0.469,Auto,Yes
A00255,722,47485.0,11094.0,22,0.532,Personal,No
A00256,578,36429.0,16785.0,7,0.707,Personal,Yes
A00257,581,50471.0,28096.0,15,0.809,Auto,Yes
A00258,616,84311.0,9350.0,1,0.184,Home improvement,No
A00259,643,61765.0,6909.0,1,0.271,Personal,No
A00260,517,94697.0,26060.0,11,0.457,Education,Yes
A00261,583,60815.0,25346.0,1,0.617,Auto,Yes
A00262,667,41369.0,10898.0,14,0.514,Education,No
A00263,699,22289.0,8256.0,1,0.562,Auto,No
A00264,585,21187.0,10960.0,19,0.586,Education,Yes
A00265,759,44427.0,24226.0,5,0.644,Auto,No
A00266,680,47436.0,12045.0,2,0.46,Home improvement,No
A00267,655,73621.0,20358.0,19,0.463,Education,Yes
A00268,676,17076.0,2690.0,16,0.395,Personal,No
A00269,585,71439.0,39768.0,1,0.759,Home improvement,No
A00270,681,71113.0,19685.0,16,0.466,Home improvement,Yes
A00271,769,26799.0,3492.0,22,0.313,Home improvement,No
A00272,669,39191.0,17615.0,19,0.56,Education,No
A00273,788,47173.0,17719.0,3,0.65,Personal,Yes
A00274,541,72009.0,26082.0,22,0.519,Personal,No
A00275,670,50114.0,15407.0,1,0.601,Home improvement,Yes
A00276,665,21366.0,5240.0,17,0.4,Personal,No
A00277,567,31647.0,8148.0,16,0.259,Personal,No
A00278,651,40392.0,20786.0,21,0.798,Personal,Yes
A00279,628,27472.0,11600.0,20,0.709,Education,No
A00280,642,54549.0,31604.0,7,0.855,Personal,No
A00281,667,51839.0,20300.0,7,0.403,Personal,No
A00282,706,29608.0,13847.0,12,0.637,Auto,No
A00283,650,61120.0,32427.0,18,0.669,Personal,Yes
A00284,698,29238.0,16220.0,16,0.589,Personal,Yes
A00285,751,62915.0,18401.0,2,0.439,Auto,Yes
A00286,710,37083.0,8362.0,15,0.292,Home improvement,No
A00287,600,57524.0,31283.0,10,0.56,Home improvement,No
A00288,589,67193.0,37209.0,16,0.821,Education,Yes
A00289,680,92338.0,9545.0,0,0.163,Personal,Yes
A00290,520,60529.0,10357.0,6,0.187,Home improvement,No
A00291,654,57029.0,17658.0,18,0.528,Education,Yes
A00292,667,72669.0,7503.0,1,0.304,Auto,No
A00293,573,51664.0,8399.0,18,0.183,Auto,No
A00294,676,27139.0,10054.0,19,0.491,Education,No
A00295,683,55810.0,8405.0,0,0.331,Auto,No
A00296,588,63204.0,33042.0,8,0.699,Home improvement,Yes
A00297,665,95035.0,18886.0,4,0.255,Education,No
A00298,576,45545.0,16088.0,16,0.597,Personal,Yes
A00299,578,64271.0,12262.0,14,0.225,Education,Yes
A00300,609,28727.0,7349.0,21,0.553,Personal,Yes
A00301,506,26477.0,13135.0,23,0.54,Education,Yes
A00302,647,17970.0,5455.0,4,0.592,Home improvement,No
A00303,714,29967.0,7200.0,20,0.498,Personal,Yes
A00304,645,48633.0,26352.0,13,0.605,Personal,No
A00305,695,37392.0,12187.0,17,0.433,Home improvement,Yes
A00306,696,61242.0,12478.0,20,0.217,Education,No
A00307,605,55476.0,30991.0,12,0.762,Personal,No
A00308,602,21934.0,5624.0,2,0.416,Personal,No
A00309,509,16051.0,2932.0,8,0.376,Personal,Yes
A00310,786,34708.0,15334.0,18,0.562,Auto,No
A00311,699,52350.0,20352.0,0,0.408,Home improvement,No
A00312,624,30379.0,10963.0,16,0.484,Home improvement,No
A00313,590,110936.0,19036.0,1,0.254,Auto,No
A00314,547,32574.0,12091.0,16,0.613,Auto,Yes
A00315,691,51927.0,26038.0,16,0.54,Personal,No
A00316,653,59780.0,34766.0,1,0.854,Auto,No
A00317,659,47901.0,24175.0,15,0.785,Home improvement,Yes
A00318,575,85042.0,24637.0,10,0.328,Auto,No
A00319,616,38181.0,21700.0,8,0.716,Home improvement,Yes
A00320,627,90306.0,27102.0,22,0.354,Personal,No
A00321,711,82777.0,21121.0,5,0.36,Auto,No
A00322,627,68806.0,25137.0,2,0.456,Home improvement,No
A00323,499,67906.0,13399.0,7,0.258,Education,Yes
A00324,722,36078.0,4910.0,4,0.404,Education,No
A00325,629,34299.0,8482.0,5,0.44,Auto,No
A00326,516,49033.0,16064.0,13,0.374,Personal,No
A00327,698,23630.0,8882.0,6,0.632,Auto,No
A00328,574,50211.0,16699.0,20,0.384,Education,No
A00329,703,42500.0,14848.0,14,0.447,Personal,No
A00330,786,43440.0,20689.0,21,0.669,Home improvement,No
A00331,776,60108.0,6851.0,8,0.291,Personal,No
A00332,588,86783.0,51766.0,9,0.762,Education,Yes
A00333,639,52448.0,27759.0,7,0.738,Auto,No
A00334,640,37317.0,10276.0,2,0.454,Personal,No
A00335,610,58754.0,16355.0,11,0.328,Education,No
A00336,591,54427.0,22995.0,22,0.505,Personal,No
A00337,668,87372.0,27943.0,7,0.402,Personal,No
A00338,628,37347.0,12635.0,13,0.544,Home improvement,No
A00339,749,41880.0,5515.0,21,0.17,Auto,No
A00340,580,19344.0,7116.0,16,0.447,Education,No
A00341,723,39522.0,20157.0,14,0.733,Home improvement,Yes
A00342,796,48132.0,25625.0,13,0.822,Personal,Yes
A00343,477,47536.0,25726.0,15,0.576,Education,Yes
A00344,730,77488.0,38317.0,22,0.574,Auto,No
A00345,689,36795.0,8047.0,10,0.5,Auto,No
A00346,650,43137.0,13130.0,8,0.44,Education,No
A00347,691,27125.0,5089.0,23,0.329,Education,No
A00348,669,37043.0,21605.0,11,0.686,Home improvement,No
A00349,643,80281.0,21652.0,17,0.392,Auto,No
A00350,776,43391.0,10968.0,22,0.513,Auto,No
A00351,613,62734.0,18055.0,19,0.549,Home improvement,Yes
A00352,528,53848.0,31522.0,1,0.875,Home improvement,Yes
A00353,601,28925.0,15248.0,18,0.565,Personal,No
A00354,485,58272.0,6590.0,11,0.142,Education,No
A00355,542,29169.0,7460.0,1,0.551,Personal,Yes
A00356,717,57717.0,19130.0,6,0.372,Personal,No
A00357,850,69033.0,21335.0,3,0.585,Education,No
A00358,663,35114.0,17695.0,2,0.654,Education,No
A00359,646,37775.0,10252.0,22,0.541,Auto,No
A00360,602,45824.0,22103.0,22,0.612,Auto,Yes
A00361,535,57191.0,16232.0,5,0.408,Personal,Yes
A00362,559,96380.0,56368.0,1,0.834,Personal,No
A00363,738,42259.0,11539.0,19,0.297,Personal,Yes
A00364,592,97689.0,17874.0,13,0.336,Home improvement,No
A00365,815,88112.0,27652.0,13,0.481,Education,Yes
A00366,717,33773.0,9767.0,15,0.585,Education,No
A00367,730,108957.0,53832.0,0,0.696,Personal,No
A00368,690,61243.0,30538.0,19,0.538,Education,No
A00369,593,40835.0,17320.0,13,0.454,Personal,No
A00370,497,72360.0,9859.0,16,0.356,Education,No
A00371,691,62905.0,10930.0,9,0.301,Education,No
A00372,633,47254.0,9992.0,4,0.416,Personal,No
A00373,643,46084.0,5361.0,22,0.322,Auto,No
A00374,609,26265.0,12970.0,3,0.554,Education,No
A00375,733,50261.0,27776.0,1,0.57,Auto,Yes
A00376,647,43886.0,22614.0,19,0.593,Auto,Yes
A00377,549,44894.0,18438.0,1,0.561,Education,No
A00378,599,54792.0,12955.0,20,0.491,Auto,Yes
A00379,664,48020.0,6704.0,7,0.306,Home improvement,Yes
A00380,751,71100.0,30089.0,20,0.652,Personal,No
A00381,617,93606.0,53190.0,16,0.636,Personal,No
A00382,709,52985.0,31571.0,22,0.633,Home improvement,No
A00383,621,68205.0,28732.0,24,0.452,Home improvement,Yes
A00384,716,47650.0,17420.0,6,0.498,Auto,No
A00385,675,39288.0,20004.0,9,0.716,Home improvement,No
A00386,641,62036.0,35795.0,12,0.673,Education,No
A00387,650,88836.0,14918.0,12,0.359,Education,No
A00388,679,29168.0,7813.0,10,0.268,Education,No
A00389,692,29609.0,14138.0,4,0.615,Education,No
A00390,561,40824.0,11159.0,10,0.501,Home improvement,Yes
A00391,646,45895.0,17656.0,22,0.463,Auto,No
A00392,823,46840.0,27582.0,2,0.829,Education,Yes
A00393,580,52994.0,23388.0,17,0.7,Education,No
A00394,508,41727.0,12599.0,18,0.598,Education,No
A00395,752,26861.0,6508.0,22,0.345,Personal,No
A00396,709,42497.0,14289.0,9,0.344,Home improvement,No
A00397,664,44096.0,19521.0,7,0.459,Education,No
A00398,606,28518.0,10636.0,15,0.438,Home improvement,No
A00399,767,107801.0,18397.0,2,0.188,Auto,No
A00400,598,31078.0,3614.0,7,0.304,Education,No
A00401,704,58619.0,15476.0,20,0.323,Auto,No
A00402,659,41244.0,19686.0,10,0.497,Personal,Yes
A00403,711,27616.0,11725.0,6,0.513,Education,Yes
A00404,501,28542.0,7530.0,7,0.547,Personal,No
A00405,674,40529.0,10845.0,18,0.307,Personal,Yes
A00406,751,50785.0,24111.0,9,0.677,Education,No
A00407,788,39114.0,18302.0,2,0.731,Education,No
A00408,605,46030.0,22346.0,20,0.765,Auto,No
A00409,565,59080.0,10159.0,11,0.277,Auto,Yes
A00410,586,48569.0,6739.0,8,0.271,Education,Yes
A00411,718,34504.0,10311.0,9,0.544,Personal,No
A00412,464,28894.0,12229.0,4,0.644,Personal,Yes
A00413,630,31329.0,9562.0,6,0.497,Personal,No
A00414,564,30326.0,9892.0,8,0.412,Education,No
A00415,723,30268.0,4047.0,18,0.273,Home improvement,No
A00416,779,33527.0,19787.0,5,0.752,Home improvement,No
A00417,615,19573.0,8430.0,15,0.455,Personal,No
A00418,609,66541.0,12717.0,9,0.411,Personal,No
A00419,639,44114.0,8508.0,3,0.252,Auto,No
A00420,678,51160.0,12957.0,9,0.326,Personal,No
A00421,627,44668.0,13120.0,24,0.585,Auto,No
A00422,499,34222.0,8851.0,8,0.382,Auto,No
A00423,498,78640.0,40306.0,0,0.711,Personal,Yes
A00424,601,67823.0,29280.0,2,0.529,Personal,No
A00425,714,40699.0,18716.0,22,0.755,Home improvement,Yes
A00426,623,46346.0,5370.0,5,0.236,Personal,No
A00427,496,25245.0,2978.0,16,0.377,Home improvement,Yes
A00428,634,61068.0,33980.0,10,0.755,Education,No
A00429,653,53777.0,22841.0,18,0.503,Home improvement,Yes
A00430,643,44726.0,10321.0,22,0.289,Education,No
A00431,761,108297.0,45249.0,5,0.474,Home improvement,No
A00432,610,40749.0,24141.0,2,0.607,Personal,Yes
A00433,745,60662.0,15624.0,12,0.538,Auto,No
A00434,680,69060.0,35646.0,8,0.598,Education,No
A00435,677,27663.0,13301.0,18,0.557,Personal,No
A00436,755,52834.0,22177.0,24,0.443,Home improvement,No
A00437,634,35975.0,14129.0,9,0.395,Home improvement,No
A00438,666,44519.0,19408.0,18,0.68,Home improvement,No
A00439,560,41770.0,11725.0,14,0.551,Auto,No
A00440,609,57455.0,33065.0,0,0.74,Education,Yes
A00441,740,78830.0,9750.0,16,0.135,Education,No
A00442,702,40968.0,12512.0,13,0.602,Personal,Yes
A00443,615,39075.0,4795.0,22,0.196,Home improvement,No
A00444,545,87063.0,38489.0,20,0.727,Home improvement,No
A00445,717,22120.0,4215.0,20,0.306,Personal,No
A00446,694,44752.0,11705.0,20,0.5,Personal,No
A00447,589,45075.0,16389.0,12,0.55,Auto,Yes
A00448,580,77681.0,42899.0,21,0.835,Auto,No
A00449,560,54868.0,32154.0,21,0.723,Home improvement,Yes
A00450,595,63987.0,36565.0,21,0.671,Home improvement,Yes
A00451,720,39940.0,11070.0,23,0.323,Auto,No
A00452,679,60745.0,9300.0,14,0.295,Education,No
A00453,607,22275.0,3534.0,11,0.334,Auto,No
A00454,589,94904.0,36935.0,14,0.393,Home improvement,No
A00455,823,21854.0,5044.0,23,0.238,Auto,No
A00456,504,70981.0,28460.0,12,0.684,Education,Yes
A00457,664,121125.0,64243.0,5,0.547,Personal,Yes
A00458,734,67985.0,12347.0,19,0.211,Home improvement,No
A00459,618,75349.0,20456.0,17,0.295,Education,No
A00460,540,34377.0,20608.0,11,0.607,Auto,Yes
A00461,731,48333.0,17111.0,16,0.46,Personal,Yes
A00462,684,47906.0,24618.0,17,0.655,Personal,No
A00463,553,40798.0,15173.0,7,0.441,Education,No
A00464,527,28559.0,5401.0,20,0.251,Auto,Yes
A00465,566,60064.0,31540.0,18,0.665,Education,Yes
A00466,636,53993.0,20390.0,21,0.403,Personal,No
A00467,639,62780.0,15823.0,10,0.497,Home improvement,No
A00468,595,49191.0,12749.0,19,0.306,Personal,No
A00469,561,56033.0,18037.0,21,0.54,Home improvement,No
A00470,627,53380.0,16342.0,5,0.544,Auto,Yes
A00471,681,81783.0,9866.0,20,0.318,Personal,No
A00472,519,46803.0,16384.0,23,0.399,Personal,No
A00473,617,42407.0,25065.0,19,0.755,Education,No
A00474,720,111184.0,36687.0,14,0.39,Education,No
A00475,584,59554.0,8436.0,8,0.441,Home improvement,No
A00476,579,51340.0,23256.0,4,0.708,Auto,No
A00477,687,51405.0,13045.0,19,0.27,Home improvement,No
A00478,481,28938.0,9057.0,3,0.42,Auto,No
A00479,702,65552.0,13843.0,15,0.284,Home improvement,No
A00480,714,52847.0,25998.0,16,0.746,Education,Yes
A00481,686,27636.0,13402.0,20,0.707,Home improvement,No
A00482,720,47161.0,13415.0,9,0.47,Education,No
A00483,707,38646.0,18410.0,14,0.577,Personal,No
A00484,690,72749.0,21595.0,10,0.593,Education,No
A00485,610,56814.0,28671.0,1,0.72,Home improvement,No
A00486,625,19305.0,3228.0,0,0.189,Auto,No
A00487,767,22017.0,10912.0,11,0.748,Personal,No
A00488,657,43205.0,12291.0,21,0.579,Education,No
A00489,572,77265.0,24086.0,12,0.421,Personal,Yes
A00490,608,32227.0,19100.0,24,0.714,Education,No
A00491,699,56652.0,13482.0,2,0.322,Auto,Yes
A00492,805,102189.0,35962.0,19,0.444,Personal,No
A00493,750,34703.0,9849.0,3,0.371,Home improvement,No
A00494,587,31394.0,18484.0,16,0.626,Education,Yes
A00495,603,50294.0,10151.0,0,0.386,Personal,Yes
A00496,679,59557.0,15241.0,11,0.356,Home improvement,No
A00497,693,29249.0,14181.0,11,0.508,Education,No
A00498,682,45131.0,17917.0,1,0.597,Education,Yes
A00499,751,34115.0,4466.0,20,0.257,Auto,No
A00500,721,52502.0,15254.0,24,0.557,Education,No
A00501,694,35286.0,9003.0,5,0.359,Personal,No
A00502,674,39355.0,12048.0,3,0.423,Education,No
A00503,671,51768.0,19178.0,15,0.507,Auto,No
A00504,771,48342.0,9566.0,24,0.403,Education,No
A00505,768,98333.0,23720.0,11,0.401,Personal,No
A00506,664,72104.0,23090.0,0,0.586,Education,Yes
A00507,733,28900.0,15796.0,13,0.663,Personal,Yes
A00508,658,24036.0,9429.0,17,0.583,Education,Yes
A00509,640,36863.0,4251.0,16,0.356,Home improvement,No
A00510,755,40639.0,18650.0,8,0.619,Home improvement,No
A00511,735,25118.0,8157.0,14,0.36,Education,No
A00512,685,76834.0,8274.0,7,0.119,Home improvement,No
A00513,515,51949.0,26065.0,1,0.67,Personal,No
A00514,668,64186.0,26357.0,24,0.651,Home improvement,No
A00515,802,37303.0,13544.0,18,0.614,Auto,No
A00516,655,94749.0,47220.0,1,0.626,Auto,No
A00517,814,32545.0,10580.0,0,0.38,Home improvement,No
A00518,568,70168.0,28374.0,3,0.651,Home improvement,No
A00519,785,39785.0,14988.0,0,0.432,Auto,Yes
A00520,728,56866.0,10452.0,10,0.19,Education,No
A00521,754,33155.0,13019.0,7,0.572,Education,Yes
A00522,759,62268.0,31080.0,22,0.728,Education,No
A00523,502,30871.0,10736.0,5,0.517,Personal,Yes
A00524,670,49684.0,25008.0,11,0.714,Home improvement,Yes
A00525,607,47809.0,22074.0,21,0.73,Personal,Yes
A00526,567,47870.0,25884.0,19,0.672,Personal,Yes
A00527,605,52417.0,8787.0,9,0.36,Education,No
A00528,543,21793.0,7121.0,4,0.434,Home improvement,No
A00529,632,48844.0,12163.0,22,0.505,Personal,No
A00530,528,83028.0,31647.0,14,0.387,Education,Yes
A00531,634,63770.0,25228.0,15,0.418,Auto,No
A00532,688,39052.0,21881.0,13,0.796,Auto,Yes
A00533,721,44576.0,10758.0,22,0.365,Personal,Yes
A00534,807,27764.0,7406.0,19,0.525,Education,No
A00535,549,44768.0,6958.0,4,0.371,Home improvement,No
A00536,766,51948.0,29409.0,5,0.845,Personal,Yes
A00537,683,50684.0,28641.0,13,0.713,Auto,No
A00538,691,85288.0,8741.0,13,0.179,Personal,No
A00539,612,33236.0,12525.0,21,0.507,Auto,No
A00540,511,23607.0,4688.0,1,0.478,Personal,No
A00541,603,45540.0,22271.0,10,0.506,Personal,No
A00542,632,83229.0,22313.0,10,0.321,Auto,No
A00543,695,33353.0,19313.0,19,0.672,Personal,Yes
A00544,523,40192.0,14455.0,17,0.449,Home improvement,Yes
A00545,722,35802.0,13761.0,18,0.404,Home improvement,No
A00546,734,56099.0,16118.0,0,0.385,Auto,No
A00547,694,39136.0,12603.0,2,0.455,Auto,No
A00548,706,50137.0,14867.0,5,0.57,Home improvement,No
A00549,584,78138.0,42602.0,19,0.723,Auto,No
A00550,617,34578.0,9857.0,22,0.566,Personal,No
A00551,753,37675.0,16600.0,8,0.446,Home improvement,No
A00552,518,45029.0,9055.0,12,0.219,Auto,Yes
A00553,757,66741.0,27786.0,0,0.63,Home improvement,No
A00554,660,62093.0,30595.0,24,0.592,Personal,Yes
A00555,701,36651.0,11703.0,20,0.612,Auto,Yes
A00556,593,54808.0,29325.0,7,0.54,Personal,Yes
A00557,583,73892.0,17068.0,8,0.357,Auto,No
A00558,513,44629.0,15904.0,17,0.607,Home improvement,No
A00559,536,33460.0,17205.0,6,0.609,Home improvement,No
A00560,538,78387.0,42969.0,24,0.75,Personal,No
A00561,479,47410.0,18513.0,0,0.473,Personal,Yes
A00562,613,53147.0,19806.0,24,0.508,Education,No
A00563,731,93049.0,19000.0,12,0.5,Home improvement,No
A00564,649,65485.0,21802.0,22,0.523,Personal,Yes
A00565,760,79136.0,44971.0,8,0.804,Personal,No
A00566,604,76107.0,44934.0,9,0.663,Personal,No
A00567,766,56571.0,28551.0,11,0.547,Education,No
A00568,665,78334.0,44280.0,19,0.65,Education,No
A00569,656,54886.0,26103.0,24,0.621,Personal,No
A00570,654,26154.0,7634.0,0,0.362,Auto,No
A00571,618,133831.0,60105.0,1,0.511,Home improvement,No
A00572,788,60607.0,13528.0,13,0.375,Auto,No
A00573,536,40082.0,23147.0,11,0.614,Education,No
A00574,644,51502.0,18904.0,2,0.434,Auto,No
A00575,730,74875.0,32798.0,2,0.556,Education,No
A00576,579,20318.0,10891.0,22,0.744,Auto,No
A00577,588,51601.0,10371.0,17,0.385,Personal,Yes
A00578,754,22917.0,10526.0,18,0.656,Home improvement,Yes
A00579,581,30763.0,15081.0,12,0.718,Personal,Yes
A00580,640,53988.0,25438.0,18,0.618,Education,Yes
A00581,604,32243.0,11560.0,24,0.533,Home improvement,No
A00582,640,56019.0,30233.0,3,0.546,Home improvement,No
A00583,655,58554.0,29617.0,14,0.737,Auto,No
A00584,781,68682.0,10630.0,20,0.358,Home improvement,No
A00585,692,23259.0,12038.0,8,0.597,Personal,No
A00586,647,39358.0,13892.0,2,0.627,Home improvement,No
A00587,559,50812.0,16318.0,4,0.422,Auto,No
A00588,515,38666.0,17917.0,6,0.751,Personal,Yes
A00589,777,75502.0,16298.0,14,0.423,Education,No
A00590,579,47533.0,16983.0,2,0.503,Home improvement,Yes
A00591,657,109197.0,43296.0,23,0.652,Home improvement,No
A00592,676,30649.0,6669.0,19,0.346,Home improvement,No
A00593,574,38159.0,15125.0,20,0.588,Home improvement,No
A00594,495,91891.0,46185.0,12,0.521,Auto,Yes
A00595,581,48945.0,6824.0,6,0.146,Personal,Yes
A00596,673,128263.0,14557.0,23,0.2,Auto,No
A00597,659,45406.0,5886.0,24,0.241,Personal,No
A00598,692,41881.0,8072.0,23,0.401,Personal,No
A00599,642,26747.0,11851.0,16,0.594,Education,No
A00600,624,98938.0,44490.0,22,0.716,Home improvement,No
A00601,606,57774.0,33943.0,16,0.774,Personal,Yes
A00602,632,74138.0,36074.0,3,0.742,Personal,No
A00603,535,65503.0,7838.0,19,0.264,Personal,Yes
A00604,600,46741.0,5377.0,16,0.211,Personal,No
A00605,692,47756.0,21648.0,20,0.705,Personal,No
A00606,694,54568.0,11956.0,6,0.277,Personal,Yes
A00607,674,43407.0,16405.0,3,0.673,Personal,No
A00608,709,74607.0,32550.0,1,0.468,Home improvement,No
A00609,684,48713.0,27555.0,5,0.582,Personal,Yes
A00610,769,52678.0,14600.0,3,0.41,Auto,No
A00611,594,36886.0,8275.0,13,0.418,Auto,No
A00612,675,73106.0,34812.0,3,0.617,Education,No
A00613,565,53381.0,8290.0,9,0.246,Education,No
A00614,528,64700.0,14948.0,1,0.358,Auto,No
A00615,551,55731.0,28584.0,13,0.695,Auto,Yes
A00616,644,75764.0,34984.0,23,0.531,Auto,No
A00617,708,16001.0,3593.0,21,0.479,Personal,No
A00618,784,76973.0,28846.0,9,0.662,Home improvement,No
A00619,645,72615.0,38484.0,13,0.697,Auto,Yes
A00620,665,20890.0,5224.0,20,0.468,Home improvement,No
A00621,782,52527.0,9357.0,19,0.476,Home improvement,Yes
A00622,804,30418.0,9642.0,10,0.521,Home improvement,Yes
A00623,670,34798.0,9094.0,16,0.552,Education,Yes
A00624,537,23134.0,4436.0,18,0.446,Auto,No
A00625,593,40145.0,10390.0,3,0.285,Home improvement,No
A00626,645,32628.0,12530.0,18,0.679,Home improvement,Yes
A00627,654,38052.0,20897.0,18,0.615,Auto,No
A00628,658,35099.0,3979.0,0,0.305,Home improvement,No
A00629,571,49616.0,11332.0,23,0.351,Auto,No
A00630,705,19103.0,2217.0,17,0.32,Personal,No
A00631,762,72278.0,23769.0,7,0.618,Personal,No
A00632,680,19283.0,4434.0,13,0.362,Home improvement,No
A00633,576,103390.0,14358.0,11,0.159,Education,Yes
A00634,513,64479.0,34639.0,19,0.575,Auto,No
A00635,772,29562.0,14261.0,11,0.742,Home improvement,Yes
A00636,736,67746.0,18332.0,4,0.447,Home improvement,No
A00637,600,51677.0,8592.0,8,0.363,Personal,No
A00638,622,28808.0,7297.0,6,0.516,Education,No
A00639,496,87671.0,25478.0,9,0.438,Home improvement,Yes
A00640,713,54719.0,29480.0,21,0.747,Personal,No
A00641,730,38246.0,22214.0,24,0.842,Education,Yes
A00642,651,48661.0,9637.0,6,0.319,Auto,No
A00643,647,52797.0,29849.0,6,0.738,Education,No
A00644,701,44767.0,24298.0,19,0.653,Personal,No
A00645,538,88706.0,41601.0,0,0.619,Home improvement,No
A00646,736,36219.0,5981.0,2,0.363,Auto,No
A00647,665,36372.0,16624.0,20,0.484,Education,Yes
A00648,481,40190.0,12036.0,24,0.447,Home improvement,No
A00649,571,83854.0,44844.0,21,0.615,Auto,No
A00650,653,80979.0,46675.0,16,0.839,Education,No
A00651,672,36930.0,6978.0,17,0.351,Education,No
A00652,552,55335.0,29815.0,8,0.82,Home improvement,No
A00653,553,27011.0,9466.0,4,0.4,Auto,Yes
A00654,533,19637.0,11072.0,22,0.84,Education,Yes
A00655,660,26764.0,14078.0,23,0.65,Personal,Yes
A00656,641,30062.0,3171.0,23,0.235,Education,No
A00657,494,40542.0,18699.0,21,0.608,Home improvement,No
A00658,706,31035.0,4559.0,15,0.283,Auto,No
A00659,609,36708.0,18360.0,14,0.705,Personal,No
A00660,699,43490.0,14001.0,24,0.349,Education,Yes
A00661,655,51435.0,21748.0,23,0.48,Education,No
A00662,813,51007.0,22738.0,16,0.495,Auto,Yes
A00663,546,63845.0,11554.0,23,0.326,Auto,No
A00664,626,66455.0,9644.0,5,0.362,Personal,No
A00665,630,49220.0,24173.0,1,0.728,Personal,Yes
A00666,707,25497.0,12527.0,20,0.602,Personal,Yes
A00667,661,79106.0,8100.0,15,0.275,Auto,No
A00668,623,40828.0,13611.0,6,0.587,Personal,No
A00669,717,31035.0,10678.0,6,0.454,Personal,No
A00670,630,68149.0,27127.0,10,0.578,Personal,No
A00671,660,64005.0,8724.0,19,0.27,Personal,No
A00672,704,37054.0,12379.0,22,0.406,Auto,No
A00673,643,33255.0,17030.0,16,0.549,Education,No
A00674,634,48310.0,6700.0,5,0.156,Education,No
A00675,806,34711.0,10875.0,8,0.512,Home improvement,No
A00676,715,50478.0,29617.0,12,0.825,Home improvement,No
A00677,533,63989.0,21106.0,6,0.408,Home improvement,No
A00678,650,52456.0,31329.0,9,0.859,Education,Yes
A00679,771,35356.0,12288.0,11,0.42,Auto,No
A00680,648,75216.0,11069.0,5,0.275,Education,No
A00681,762,49831.0,18269.0,10,0.489,Personal,Yes
A00682,621,69018.0,31897.0,22,0.739,Auto,No
A00683,593,30802.0,10902.0,9,0.445,Education,Yes
A00684,576,43590.0,12120.0,0,0.301,Personal,No
A00685,718,50901.0,29361.0,15,0.727,Education,Yes
A00686,598,38523.0,11549.0,9,0.57,Home improvement,Yes
A00687,710,44417.0,6026.0,19,0.38,Personal,No
A00688,560,58600.0,18181.0,2,0.519,Home improvement,No
A00689,648,44586.0,19392.0,8,0.493,Personal,No
A00690,707,38145.0,22408.0,10,0.819,Auto,No
A00691,641,32299.0,8223.0,14,0.297,Home improvement,No
A00692,709,67134.0,14351.0,18,0.493,Home improvement,Yes
A00693,613,75769.0,43504.0,16,0.608,Auto,Yes
A00694,685,57407.0,24922.0,24,0.594,Personal,Yes
A00695,686,55681.0,18534.0,2,0.567,Education,No
A00696,611,52550.0,10508.0,22,0.292,Auto,No
A00697,676,32347.0,12835.0,8,0.604,Education,No
A00698,629,34544.0,8776.0,15,0.259,Home improvement,No
A00699,640,43511.0,23331.0,5,0.712,Home improvement,No
A00700,822,29901.0,6646.0,5,0.48,Personal,No
A00701,741,58437.0,25172.0,8,0.664,Auto,No
A00702,550,79188.0,36558.0,4,0.598,Home improvement,No
A00703,682,70248.0,11419.0,20,0.321,Home improvement,No
A00704,697,81567.0,31225.0,5,0.408,Home improvement,No
A00705,755,53978.0,22517.0,11,0.536,Education,Yes
A00706,592,68549.0,13968.0,16,0.305,Auto,No
A00707,556,108667.0,35690.0,1,0.488,Home improvement,No
A00708,712,45837.0,25714.0,9,0.572,Auto,No
A00709,615,45998.0,15005.0,16,0.329,Auto,No
A00710,606,65354.0,29811.0,23,0.74,Education,No
A00711,584,40289.0,15605.0,22,0.603,Personal,Yes
A00712,672,35513.0,19275.0,23,0.61,Auto,No
A00713,673,58635.0,25520.0,7,0.653,Home improvement,No
A00714,470,24040.0,6486.0,12,0.294,Auto,Yes
A00715,675,62296.0,10756.0,19,0.24,Auto,No
A00716,557,42645.0,5390.0,14,0.142,Home improvement,No
A00717,621,35760.0,19877.0,24,0.785,Education,No
A00718,753,28129.0,13924.0,2,0.673,Home improvement,No
A00719,772,60922.0,12960.0,11,0.396,Home improvement,No
A00720,661,31018.0,13879.0,14,0.61,Home improvement,Yes
A00721,615,42601.0,16226.0,4,0.661,Home improvement,No
A00722,589,55484.0,16698.0,19,0.513,Education,No
A00723,668,58174.0,9437.0,2,0.291,Auto,No
A00724,642,40906.0,17587.0,20,0.491,Auto,No
A00725,551,34519.0,12977.0,10,0.423,Personal,No
A00726,700,36379.0,3876.0,3,0.19,Education,No
A00727,723,34558.0,19638.0,4,0.647,Home improvement,No
A00728,840,63446.0,21909.0,22,0.58,Auto,No
A00729,647,45158.0,5265.0,7,0.226,Personal,No
A00730,654,33202.0,9133.0,14,0.402,Personal,No
A00731,501,60805.0,13003.0,16,0.374,Auto,No
A00732,620,46992.0,5075.0,23,0.292,Home improvement,No
A00733,811,35369.0,6543.0,22,0.373,Auto,No
A00734,595,19854.0,8841.0,10,0.48,Education,No
A00735,708,57415.0,14454.0,19,0.436,Education,No
A00736,631,48856.0,9049.0,17,0.463,Personal,Yes
A00737,543,32672.0,3993.0,8,0.153,Auto,No
A00738,583,111213.0,13656.0,23,0.384,Personal,No
A00739,617,22577.0,9531.0,11,0.601,Personal,No
A00740,604,39593.0,21666.0,9,0.675,Auto,Yes
A00741,644,58471.0,7245.0,9,0.215,Home improvement,Yes
A00742,662,77768.0,13878.0,7,0.222,Personal,No
A00743,635,19586.0,7481.0,21,0.66,Home improvement,No
A00744,716,54225.0,14903.0,1,0.28,Personal,No
A00745,643,92440.0,42459.0,19,0.686,Home improvement,No
A00746,694,37718.0,18116.0,22,0.766,Home improvement,Yes
A00747,850,29799.0,10091.0,13,0.496,Personal,No
A00748,687,73910.0,11965.0,24,0.373,Auto,No
A00749,699,64594.0,29028.0,14,0.537,Education,No
A00750,540,33134.0,15014.0,3,0.737,Home improvement,No
A00751,722,81617.0,18154.0,16,0.238,Personal,No
A00752,765,25887.0,4670.0,20,0.2,Education,No
A00753,532,61102.0,35556.0,12,0.63,Education,Yes
A00754,662,47291.0,27067.0,14,0.678,Home improvement,Yes
A00755,609,72333.0,37420.0,16,0.527,Education,Yes
A00756,550,47414.0,17688.0,24,0.461,Education,Yes
A00757,675,38992.0,13726.0,19,0.488,Home improvement,No
A00758,648,43383.0,11658.0,11,0.305,Personal,No
A00759,632,34945.0,18615.0,3,0.564,Education,No
A00760,660,41706.0,24687.0,17,0.701,Personal,No
A00761,632,49245.0,14029.0,24,0.387,Education,No
A00762,725,31566.0,3720.0,10,0.146,Home improvement,No
A00763,591,60323.0,33800.0,21,0.594,Auto,Yes
A00764,607,26828.0,13762.0,2,0.724,Education,No
A00765,733,55752.0,24132.0,5,0.5,Home improvement,No
A00766,694,42886.0,23449.0,21,0.762,Personal,Yes
A00767,648,39083.0,14027.0,3,0.393,Education,No
A00768,587,43175.0,15985.0,5,0.571,Personal,Yes
A00769,623,42838.0,17916.0,14,0.521,Home improvement,No
A00770,538,43311.0,12979.0,16,0.512,Education,Yes
A00771,653,55736.0,10646.0,22,0.428,Auto,No
A00772,677,40614.0,15040.0,23,0.584,Education,No
A00773,756,40407.0,16149.0,6,0.624,Auto,No
A00774,668,29369.0,15666.0,10,0.827,Education,No
A00775,639,47024.0,9903.0,2,0.27,Auto,No
A00776,628,48616.0,7484.0,4,0.186,Education,No
A00777,738,26772.0,4468.0,21,0.174,Auto,No
A00778,694,37907.0,10716.0,12,0.396,Personal,Yes
A00779,596,48234.0,19611.0,6,0.52,Personal,Yes
A00780,539,58893.0,29617.0,15,0.522,Personal,Yes
A00781,640,36391.0,9717.0,4,0.344,Auto,No
A00782,741,51689.0,27587.0,7,0.688,Home improvement,Yes
A00783,621,27182.0,12493.0,1,0.497,Personal,No
A00784,553,43878.0,18917.0,15,0.579,Auto,No
A00785,580,67894.0,40574.0,5,0.656,Home improvement,No
A00786,633,72102.0,34779.0,21,0.632,Home improvement,Yes
A00787,704,48386.0,11980.0,7,0.463,Personal,No
A00788,670,18659.0,6175.0,22,0.433,Personal,No
A00789,540,30504.0,12245.0,20,0.633,Auto,No
A00790,685,74266.0,17088.0,7,0.339,Home improvement,No
A00791,710,22033.0,9903.0,21,0.552,Personal,Yes
A00792,601,33989.0,15899.0,1,0.549,Personal,No
A00793,802,43002.0,14686.0,9,0.35,Personal,No
A00794,738,55768.0,8344.0,16,0.199,Education,No
A00795,576,35515.0,12955.0,4,0.574,Education,Yes
A00796,662,53850.0,10914.0,12,0.243,Education,No
A00797,696,69393.0,39147.0,4,0.61,Auto,No
A00798,831,49115.0,26209.0,14,0.622,Personal,No
A00799,693,28788.0,4857.0,22,0.274,Auto,No
A00800,566,19756.0,8652.0,5,0.458,Home improvement,Yes
A00801,752,57882.0,9384.0,2,0.406,Home improvement,No
A00802,624,31092.0,10543.0,0,0.618,Personal,No
A00803,685,46315.0,14900.0,17,0.506,Personal,No
A00804,590,29525.0,12359.0,6,0.686,Personal,Yes
A00805,703,15900.0,7102.0,6,0.528,Personal,No
A00806,721,39132.0,17568.0,1,0.507,Education,No
A00807,745,37771.0,15066.0,4,0.683,Personal,No
A00808,767,66504.0,36688.0,9,0.827,Auto,No
A00809,647,76132.0,14777.0,13,0.275,Home improvement,No
A00810,667,58739.0,27983.0,1,0.68,Personal,No
A00811,625,51899.0,30801.0,12,0.785,Personal,No
A00812,759,27789.0,9020.0,6,0.593,Home improvement,No
A00813,580,49541.0,18187.0,21,0.445,Home improvement,No
A00814,734,69161.0,35963.0,21,0.67,Education,Yes
A00815,743,50488.0,24945.0,0,0.748,Education,Yes
A00816,658,22628.0,8622.0,16,0.479,Personal,No
A00817,709,54449.0,13678.0,5,0.306,Personal,No
A00818,607,40506.0,12774.0,21,0.345,Home improvement,No
A00819,591,60568.0,31138.0,13,0.573,Personal,No
A00820,575,43409.0,15893.0,12,0.466,Auto,No
A00821,714,65164.0,8303.0,24,0.316,Personal,No
A00822,607,56131.0,16552.0,7,0.538,Education,No
A00823,560,62133.0,7850.0,15,0.156,Personal,Yes
A00824,628,34573.0,6237.0,10,0.275,Personal,No
A00825,782,33019.0,18950.0,11,0.773,Education,Yes
A00826,724,31775.0,15191.0,20,0.626,Auto,Yes
A00827,640,48721.0,5938.0,7,0.184,Personal,No
A00828,636,54637.0,10220.0,8,0.337,Personal,No
A00829,702,61035.0,34984.0,17,0.859,Personal,No
A00830,456,30773.0,17814.0,21,0.655,Home improvement,Yes
A00831,545,25634.0,3526.0,18,0.308,Education,No
A00832,704,60111.0,34995.0,8,0.779,Home improvement,No
A00833,524,70005.0,9206.0,17,0.301,Personal,No
A00834,698,39525.0,12143.0,14,0.438,Education,No
A00835,699,68065.0,29860.0,15,0.444,Education,No
A00836,542,55753.0,12490.0,4,0.521,Education,No
A00837,667,86456.0,32145.0,11,0.434,Home improvement,Yes
A00838,627,53883.0,13080.0,24,0.492,Education,No
A00839,604,38780.0,12123.0,2,0.495,Personal,No
A00840,608,26354.0,14477.0,13,0.763,Personal,Yes
A00841,525,79096.0,9863.0,22,0.165,Education,Yes
A00842,609,44170.0,7029.0,17,0.178,Personal,No
A00843,808,73522.0,15912.0,11,0.346,Personal,Yes
A00844,694,36699.0,18442.0,22,0.537,Education,Yes
A00845,678,31793.0,18647.0,5,0.884,Auto,No
A00846,693,32281.0,8677.0,18,0.313,Auto,No
A00847,583,45226.0,19403.0,6,0.69,Education,No
A00848,720,37711.0,20131.0,24,0.599,Personal,Yes
A00849,582,38608.0,20017.0,5,0.785,Education,Yes
A00850,535,58225.0,16653.0,11,0.322,Personal,No
A00851,662,44731.0,5599.0,11,0.41,Education,No
A00852,661,50722.0,18353.0,14,0.56,Personal,No
A00853,671,44230.0,20004.0,0,0.604,Auto,No
A00854,683,66538.0,37315.0,24,0.643,Home improvement,Yes
A00855,637,20726.0,10853.0,6,0.534,Education,No
A00856,662,62408.0,12943.0,8,0.412,Auto,No
A00857,555,73497.0,21490.0,13,0.418,Auto,No
A00858,651,51654.0,13762.0,8,0.439,Auto,No
A00859,562,30443.0,17614.0,3,0.579,Education,No
A00860,492,125482.0,68152.0,0,0.555,Personal,Yes
A00861,698,52997.0,29577.0,1,0.734,Home improvement,No
A00862,716,41698.0,13764.0,10,0.572,Personal,Yes
A00863,639,52972.0,30043.0,16,0.617,Home improvement,No
A00864,588,70026.0,38566.0,16,0.823,Auto,No
A00865,611,33399.0,5184.0,13,0.443,Auto,No
A00866,732,101337.0,35598.0,13,0.542,Home improvement,Yes
A00867,539,22160.0,12411.0,0,0.684,Personal,Yes
A00868,677,71844.0,19878.0,6,0.497,Personal,No
A00869,800,65265.0,21909.0,12,0.424,Auto,No
A00870,692,38721.0,4171.0,19,0.331,Personal,No
A00871,569,31650.0,18199.0,15,0.658,Home improvement,Yes
A00872,536,79501.0,20170.0,22,0.445,Auto,No
A00873,701,66038.0,12549.0,6,0.45,Home improvement,No
A00874,785,46075.0,26891.0,24,0.685,Education,No
A00875,691,61989.0,28008.0,10,0.513,Auto,Yes
A00876,642,33386.0,11504.0,3,0.487,Home improvement,No
A00877,758,43240.0,15242.0,3,0.557,Auto,No
A00878,642,27095.0,2865.0,11,0.15,Education,No
A00879,644,83155.0,21836.0,2,0.482,Personal,No
A00880,690,62429.0,16004.0,19,0.282,Personal,No
A00881,647,72618.0,26163.0,11,0.573,Education,No
A00882,773,51487.0,18802.0,22,0.631,Auto,No
A00883,691,46941.0,6805.0,4,0.407,Personal,No
A00884,667,63863.0,28383.0,20,0.689,Personal,No
A00885,729,40910.0,7580.0,1,0.206,Home improvement,No
A00886,675,24493.0,10442.0,1,0.697,Education,Yes
A00887,681,53618.0,8806.0,22,0.345,Personal,No
A00888,638,20768.0,9141.0,9,0.479,Personal,No
A00889,546,56319.0,10536.0,19,0.312,Education,Yes
A00890,574,95014.0,32203.0,20,0.53,Home improvement,Yes
A00891,606,50855.0,19397.0,11,0.541,Education,No
A00892,643,56155.0,22955.0,7,0.52,Education,Yes
A00893,603,75441.0,27550.0,24,0.62,Education,No
A00894,651,30050.0,15690.0,14,0.609,Personal,Yes
A00895,641,32672.0,11694.0,3,0.62,Education,Yes
A00896,732,54305.0,21723.0,15,0.589,Personal,No
A00897,605,68629.0,19375.0,6,0.453,Home improvement,No
A00898,599,26936.0,9745.0,3,0.53,Home improvement,Yes
A00899,605,51620.0,7425.0,7,0.273,Personal,No
A00900,629,103690.0,14498.0,11,0.394,Personal,No
A00901,566,95499.0,36457.0,17,0.412,Personal,Yes
A00902,654,45420.0,10283.0,3,0.4,Personal,No
A00903,701,47146.0,18086.0,17,0.545,Home improvement,No
A00904,560,77067.0,13491.0,23,0.269,Home improvement,Yes
A00905,651,61250.0,21525.0,24,0.37,Auto,No
A00906,593,41226.0,14044.0,2,0.562,Education,No
A00907,552,97412.0,26278.0,9,0.467,Home improvement,Yes
A00908,684,102979.0,59279.0,8,0.663,Personal,No
A00909,754,34061.0,6376.0,22,0.433,Auto,No
A00910,698,55413.0,8849.0,10,0.393,Education,Yes
A00911,586,71126.0,34156.0,3,0.699,Education,No
A00912,676,98567.0,37168.0,9,0.473,Auto,Yes
A00913,598,65654.0,35942.0,23,0.764,Education,No
A00914,776,54658.0,24747.0,14,0.732,Home improvement,Yes
A00915,609,40697.0,15572.0,12,0.403,Home improvement,No
A00916,594,99868.0,43272.0,14,0.549,Personal,No
A00917,668,40644.0,4127.0,8,0.207,Personal,No
A00918,640,88770.0,10105.0,24,0.348,Personal,No
A00919,627,64278.0,11042.0,1,0.209,Personal,No
A00920,619,50042.0,12558.0,17,0.516,Home improvement,No
A00921,581,26433.0,11697.0,2,0.499,Home improvement,No
A00922,716,50456.0,28191.0,7,0.631,Personal,Yes
A00923,626,41818.0,8411.0,1,0.351,Home improvement,No
A00924,596,62249.0,26512.0,21,0.532,Auto,No
A00925,568,70995.0,18219.0,19,0.337,Home improvement,No
A00926,749,90439.0,45510.0,6,0.616,Home improvement,No
A00927,604,101639.0,12928.0,7,0.345,Home improvement,No
A00928,601,58286.0,17069.0,0,0.545,Home improvement,Yes
A00929,673,77662.0,34098.0,3,0.623,Auto,No
A00930,708,32243.0,17191.0,19,0.815,Personal,No
A00931,665,52713.0,19963.0,12,0.637,Personal,No
A00932,551,25789.0,3978.0,22,0.379,Personal,Yes
A00933,604,58868.0,26923.0,23,0.519,Education,No
A00934,561,41630.0,5510.0,6,0.215,Auto,Yes
A00935,679,29901.0,11668.0,16,0.462,Education,Yes
A00936,686,14074.0,2041.0,10,0.201,Education,No
A00937,713,32264.0,7557.0,2,0.31,Education,Yes
A00938,748,47978.0,21085.0,7,0.56,Personal,Yes
A00939,707,51928.0,20548.0,19,0.407,Personal,No
A00940,646,24725.0,9115.0,19,0.539,Education,No
A00941,770,75235.0,13893.0,11,0.187,Personal,No
A00942,584,33375.0,17718.0,6,0.636,Auto,Yes
A00943,771,79052.0,25472.0,23,0.529,Education,Yes
A00944,755,58055.0,18425.0,7,0.585,Personal,No
A00945,618,72216.0,18845.0,5,0.396,Home improvement,No
A00946,594,28688.0,8660.0,16,0.542,Education,No
A00947,619,43054.0,9772.0,16,0.368,Auto,No
A00948,828,41663.0,12094.0,1,0.364,Education,No
A00949,599,104945.0,21577.0,12,0.389,Education,No
A00950,673,69721.0,20268.0,24,0.549,Home improvement,No
A00951,644,29830.0,11116.0,18,0.47,Personal,Yes
A00952,678,65074.0,33538.0,19,0.546,Auto,Yes
A00953,631,58831.0,19890.0,24,0.534,Education,Yes
A00954,765,104022.0,38615.0,3,0.383,Personal,No
A00955,776,83807.0,30706.0,18,0.511,Education,Yes
A00956,684,37451.0,4546.0,22,0.276,Education,No
A00957,667,33251.0,11115.0,18,0.421,Education,No
A00958,742,88446.0,21892.0,18,0.335,Personal,No
A00959,850,65427.0,27983.0,21,0.474,Home improvement,Yes
A00960,560,43073.0,22178.0,17,0.609,Education,Yes
A00961,583,53916.0,7999.0,18,0.374,Personal,No
A00962,662,25890.0,13303.0,20,0.725,Auto,No
A00963,766,58987.0,7375.0,16,0.358,Home improvement,No
A00964,649,35409.0,10043.0,5,0.583,Education,No
A00965,708,46216.0,23441.0,24,0.737,Home improvement,No
A00966,716,54594.0,7422.0,8,0.279,Auto,No
A00967,411,65891.0,11837.0,16,0.275,Personal,Yes
A00968,688,39993.0,5549.0,10,0.17,Home improvement,No
A00969,497,30067.0,17535.0,17,0.716,Education,Yes
A00970,628,71262.0,7199.0,3,0.28,Education,No
A00971,733,60928.0,14188.0,7,0.369,Home improvement,No
A00972,524,96266.0,40791.0,0,0.633,Education,Yes
A00973,666,42870.0,7690.0,16,0.429,Auto,No
A00974,624,63386.0,10018.0,22,0.291,Education,No
A00975,587,58906.0,29285.0,0,0.667,Auto,Yes
A00976,594,40683.0,10175.0,24,0.451,Education,Yes
A00977,757,47871.0,16728.0,20,0.573,Education,Yes
A00978,676,85986.0,50294.0,1,0.712,Auto,No
A00979,668,55945.0,6145.0,10,0.254,Auto,No
A00980,663,33122.0,18055.0,0,0.629,Personal,No
A00981,604,70379.0,28981.0,23,0.517,Auto,Yes
A00982,637,48419.0,4866.0,8,0.251,Auto,No
A00983,700,47289.0,5189.0,17,0.249,Personal,No
A00984,605,18568.0,3415.0,5,0.31,Education,No
A00985,564,51402.0,10017.0,0,0.329,Education,Yes
A00986,649,61809.0,26515.0,14,0.575,Personal,No
A00987,582,31790.0,15580.0,0,0.601,Auto,No
A00988,636,52561.0,27912.0,20,0.585,Home improvement,No
A00989,595,52970.0,20356.0,11,0.625,Personal,Yes
A00990,558,43098.0,24931.0,14,0.85,Auto,Yes
A00991,619,49134.0,24458.0,16,0.687,Home improvement,No
A00992,571,86691.0,29615.0,3,0.49,Auto,Yes
A00993,671,42962.0,9717.0,9,0.436,Education,No
A00994,614,37627.0,16811.0,15,0.644,Auto,No
A00995,801,50584.0,25587.0,12,0.699,Home improvement,No
A00996,619,51537.0,27018.0,7,0.567,Auto,No
A00997,595,52532.0,18134.0,13,0.414,Education,Yes
A00998,605,44793.0,10478.0,2,0.421,Personal,No
A00999,703,23185.0,12225.0,23,0.612,Home improvement,No
A01000,546,83076.0,37064.0,9,0.666,Education,No
A01001,637,47343.0,6383.0,2,0.205,Personal,No
A01002,569,56935.0,32611.0,15,0.785,Education,Yes
A01003,613,34693.0,8510.0,0,0.278,Personal,Yes
A01004,818,94374.0,28606.0,13,0.57,Personal,No
A01005,552,47694.0,17339.0,20,0.501,Personal,Yes
A01006,589,29606.0,6502.0,22,0.294,Auto,No
A01007,585,63309.0,21416.0,3,0.552,Auto,No
A01008,626,35825.0,13366.0,4,0.648,Auto,No
A01009,479,40743.0,23735.0,11,0.854,Personal,Yes
A01010,524,37893.0,7617.0,21,0.302,Personal,Yes
A01011,577,46161.0,14290.0,2,0.471,Auto,No
A01012,708,27994.0,4588.0,18,0.246,Home improvement,No
A01013,850,54145.0,14661.0,21,0.287,Auto,No
A01014,592,65219.0,31240.0,19,0.604,Personal,No
A01015,562,56761.0,25831.0,13,0.75,Education,No
A01016,657,107772.0,18766.0,23,0.467,Education,No
A01017,618,54036.0,6159.0,14,0.26,Auto,No
A01018,787,74616.0,37769.0,3,0.745,Auto,No
A01019,564,33583.0,17150.0,2,0.57,Auto,Yes
A01020,680,22649.0,3832.0,7,0.27,Auto,No
A01021,683,29637.0,4128.0,9,0.161,Home improvement,Yes
A01022,594,56692.0,29399.0,12,0.811,Education,Yes
A01023,651,74576.0,16918.0,20,0.514,Home improvement,No
A01024,807,44926.0,15477.0,0,0.45,Home improvement,No
A01025,611,67124.0,8901.0,9,0.352,Education,Yes
A01026,576,51993.0,27642.0,7,0.536,Education,No
A01027,743,55818.0,21810.0,14,0.501,Personal,No
A01028,606,40754.0,17777.0,14,0.458,Auto,No
A01029,647,51844.0,10328.0,24,0.38,Home improvement,No
A01030,627,76096.0,17938.0,8,0.504,Personal,Yes
A01031,527,26545.0,13787.0,11,0.79,Personal,No
A01032,553,60892.0,13385.0,6,0.276,Education,No
A01033,605,36082.0,21117.0,23,0.774,Personal,No
A01034,689,54618.0,29735.0,5,0.596,Personal,Yes
A01035,646,52618.0,20222.0,6,0.396,Education,No
A01036,529,27451.0,9555.0,24,0.47,Personal,No
A01037,658,18722.0,6033.0,20,0.51,Home improvement,No
A01038,608,70538.0,8731.0,19,0.404,Auto,No
A01039,709,56888.0,14463.0,1,0.33,Home improvement,No
A01040,593,52603.0,27082.0,10,0.543,Education,Yes
A01041,573,51568.0,22863.0,15,0.655,Personal,Yes
A01042,640,23418.0,9379.0,11,0.663,Personal,Yes
A01043,744,63161.0,27539.0,2,0.724,Education,Yes
A01044,643,24623.0,9963.0,12,0.509,Personal,No
A01045,657,52914.0,22748.0,1,0.583,Home improvement,No
A01046,678,45134.0,20341.0,14,0.51,Home improvement,Yes
A01047,811,35221.0,9296.0,17,0.351,Personal,No
A01048,662,42331.0,17397.0,21,0.494,Home improvement,Yes
A01049,496,57608.0,21366.0,13,0.59,Personal,Yes
A01050,715,54200.0,26055.0,15,0.748,Personal,No
A01051,714,38383.0,5394.0,24,0.195,Auto,No
A01052,733,63193.0,24323.0,9,0.46,Education,No
A01053,675,30813.0,14601.0,7,0.591,Education,No
A01054,704,47770.0,7521.0,16,0.207,Personal,No
A01055,705,48526.0,25191.0,14,0.637,Home improvement,No
A01056,678,39746.0,12608.0,10,0.326,Auto,Yes
A01057,505,97539.0,54564.0,18,0.615,Education,No
A01058,501,35436.0,4202.0,11,0.221,Education,No
A01059,658,97200.0,23292.0,9,0.335,Auto,No
A01060,627,34803.0,6672.0,11,0.403,Home improvement,No
A01061,651,34629.0,7164.0,1,0.338,Personal,No
A01062,680,55376.0,10148.0,6,0.425,Auto,No
A01063,768,32349.0,6101.0,13,0.307,Education,No
A01064,631,91394.0,14616.0,1,0.399,Home improvement,No
A01065,557,91810.0,15023.0,3,0.296,Auto,Yes
A01066,724,33817.0,19907.0,24,0.88,Personal,Yes
A01067,798,26951.0,6794.0,4,0.26,Auto,No
A01068,731,27007.0,5319.0,16,0.433,Home improvement,No
A01069,754,53651.0,29290.0,9,0.607,Education,No
A01070,657,19369.0,9353.0,8,0.691,Education,No
A01071,525,55636.0,25725.0,5,0.688,Personal,No
A01072,593,78933.0,38626.0,5,0.756,Personal,No
A01073,628,60858.0,22406.0,16,0.503,Home improvement,No
A01074,630,53225.0,19192.0,4,0.486,Home improvement,Yes
A01075,694,39363.0,21303.0,1,0.594,Auto,Yes
A01076,717,82726.0,9925.0,8,0.266,Auto,No
A01077,682,90392.0,48164.0,5,0.811,Auto,Yes
A01078,548,78239.0,43098.0,15,0.807,Home improvement,No
A01079,479,89960.0,48684.0,8,0.648,Home improvement,Yes
A01080,535,62125.0,25984.0,11,0.68,Personal,No
A01081,599,37712.0,12709.0,22,0.571,Education,No
A01082,489,41694.0,14556.0,2,0.449,Personal,No
A01083,732,81102.0,20385.0,10,0.536,Education,No
A01084,660,22503.0,10822.0,8,0.699,Personal,No
A01085,591,37495.0,13713.0,2,0.392,Auto,No
A01086,691,37225.0,16407.0,8,0.697,Auto,Yes
A01087,623,39178.0,14653.0,8,0.616,Education,No
A01088,637,26596.0,10673.0,3,0.434,Home improvement,No
A01089,601,40036.0,16959.0,14,0.669,Auto,No
A01090,734,27268.0,6618.0,15,0.317,Personal,No
A01091,699,32848.0,11869.0,21,0.484,Home improvement,Yes
A01092,695,64107.0,11459.0,20,0.438,Education,No
A01093,582,29781.0,6680.0,22,0.507,Auto,Yes
A01094,675,27017.0,7297.0,0,0.398,Personal,Yes
A01095,571,96841.0,11566.0,12,0.164,Education,No
A01096,636,31301.0,18049.0,21,0.793,Education,Yes
A01097,624,33030.0,14461.0,0,0.458,Education,Yes
A01098,687,48709.0,23897.0,6,0.638,Education,No
A01099,695,28676.0,10891.0,9,0.502,Personal,No
A01100,759,38803.0,7585.0,6,0.406,Auto,No
A01101,606,33137.0,16541.0,9,0.519,Education,No
A01102,726,40912.0,6541.0,4,0.451,Auto,No
A01103,651,44393.0,8743.0,7,0.375,Personal,No
A01104,727,34693.0,10113.0,23,0.59,Personal,Yes
A01105,565,45367.0,11910.0,4,0.441,Home improvement,No
A01106,708,54653.0,21125.0,23,0.434,Auto,No
A01107,783,56513.0,6100.0,3,0.252,Auto,No
A01108,525,33429.0,12497.0,0,0.384,Home improvement,Yes
A01109,687,58143.0,18868.0,11,0.478,Home improvement,No
A01110,666,64322.0,13559.0,0,0.507,Home improvement,No
A01111,538,38716.0,17890.0,8,0.483,Personal,No
A01112,714,42295.0,19621.0,11,0.47,Auto,No
A01113,552,97069.0,39472.0,23,0.431,Education,No
A01114,573,61870.0,33619.0,14,0.755,Personal,No
A01115,593,57042.0,30457.0,18,0.562,Personal,Yes
A01116,645,46768.0,13109.0,11,0.485,Home improvement,No
A01117,689,40795.0,9886.0,13,0.28,Personal,No
A01118,599,38487.0,9094.0,1,0.288,Auto,Yes
A01119,657,39647.0,7966.0,8,0.231,Auto,No
A01120,586,34523.0,7906.0,23,0.348,Education,No
A01121,620,41495.0,20461.0,11,0.751,Education,No
A01122,623,40355.0,21578.0,4,0.601,Personal,No
A01123,795,56150.0,23462.0,18,0.425,Auto,No
A01124,605,47823.0,24079.0,7,0.803,Personal,Yes
A01125,618,28788.0,12614.0,16,0.576,Education,No
A01126,648,51312.0,25432.0,0,0.647,Education,Yes
A01127,555,71241.0,7993.0,21,0.358,Education,Yes
A01128,659,64570.0,16162.0,16,0.5,Personal,No
A01129,792,46806.0,8366.0,10,0.419,Home improvement,No
A01130,691,46569.0,26933.0,7,0.771,Auto,No
A01131,659,73636.0,30381.0,8,0.512,Home improvement,No
A01132,724,50087.0,16192.0,3,0.418,Auto,No
A01133,595,49272.0,27119.0,18,0.567,Personal,No
A01134,662,76384.0,39127.0,15,0.784,Personal,Yes
A01135,574,43294.0,9006.0,23,0.431,Auto,Yes
A01136,667,67304.0,37012.0,23,0.712,Home improvement,Yes
A01137,671,46163.0,14144.0,22,0.327,Auto,Yes
A01138,599,38361.0,4613.0,24,0.277,Education,Yes
A01139,590,82074.0,44240.0,24,0.767,Personal,Yes
A01140,710,45613.0,25065.0,10,0.576,Home improvement,Yes
A01141,549,32418.0,10393.0,20,0.61,Home improvement,Yes
A01142,594,67861.0,30857.0,7,0.466,Home improvement,Yes
A01143,616,51744.0,7797.0,1,0.271,Personal,No
A01144,571,33480.0,5506.0,23,0.327,Home improvement,Yes
A01145,717,22753.0,13085.0,8,0.64,Home improvement,Yes
A01146,477,58410.0,20221.0,5,0.503,Home improvement,Yes
A01147,711,19953.0,3146.0,9,0.431,Education,No
A01148,617,61732.0,34065.0,24,0.587,Personal,Yes
A01149,781,53716.0,19856.0,3,0.658,Education,No
A01150,759,55621.0,8113.0,12,0.409,Personal,No
A01151,599,38748.0,21752.0,19,0.785,Education,No
A01152,707,54470.0,32140.0,20,0.806,Education,No
A01153,698,51037.0,14701.0,14,0.387,Education,No
A01154,614,45316.0,17770.0,7,0.482,Education,No
A01155,610,60102.0,12804.0,24,0.228,Education,No
A01156,711,90235.0,46498.0,17,0.76,Education,No
A01157,700,57985.0,28432.0,6,0.627,Personal,No
A01158,674,41677.0,22425.0,17,0.683,Education,No
A01159,651,50907.0,25108.0,18,0.594,Education,No
A01160,631,37130.0,16776.0,0,0.667,Home improvement,Yes
A01161,423,29623.0,3766.0,12,0.239,Personal,No
A01162,610,83154.0,11765.0,14,0.307,Education,No
A01163,667,64511.0,9998.0,22,0.215,Home improvement,No
A01164,664,90917.0,20376.0,1,0.275,Home improvement,Yes
A01165,534,45587.0,25773.0,13,0.62,Education,Yes
A01166,550,23224.0,4011.0,20,0.428,Home improvement,No
A01167,649,61189.0,33957.0,20,0.664,Personal,Yes
A01168,595,32562.0,14144.0,11,0.629,Auto,No
A01169,723,66357.0,15434.0,22,0.516,Auto,No
A01170,616,51207.0,9687.0,13,0.439,Home improvement,No
A01171,673,86387.0,45499.0,7,0.766,Education,No
A01172,672,83017.0,25194.0,23,0.41,Personal,No
A01173,626,91685.0,29806.0,13,0.328,Personal,No
A01174,613,61667.0,33790.0,23,0.747,Education,No
A01175,658,45391.0,27158.0,12,0.737,Personal,No
A01176,774,58295.0,31722.0,15,0.545,Home improvement,No
A01177,601,76750.0,15157.0,18,0.391,Education,No
A01178,586,52466.0,5858.0,21,0.279,Education,Yes
A01179,673,91044.0,40000.0,20,0.687,Personal,No
A01180,536,44288.0,4569.0,1,0.353,Home improvement,No
A01181,589,55373.0,32871.0,24,0.835,Personal,No
A01182,751,20832.0,7690.0,3,0.381,Education,No
A01183,538,113182.0,43856.0,18,0.508,Auto,No
A01184,677,94898.0,44620.0,16,0.759,Education,Yes
A01185,606,30693.0,10246.0,3,0.362,Education,No
A01186,572,42969.0,8023.0,1,0.442,Personal,Yes
A01187,685,37240.0,11502.0,22,0.341,Home improvement,No
A01188,706,41872.0,15922.0,24,0.423,Personal,No
A01189,684,53242.0,9538.0,9,0.415,Auto,No
A01190,629,48491.0,24713.0,21,0.553,Personal,No
A01191,638,70235.0,14541.0,16,0.479,Auto,Yes
A01192,590,52676.0,21907.0,23,0.669,Home improvement,No
A01193,590,97232.0,35240.0,13,0.618,Education,Yes
A01194,597,41675.0,11512.0,4,0.358,Home improvement,No
A01195,555,44140.0,11928.0,20,0.375,Personal,No
A01196,631,59838.0,25559.0,3,0.543,Education,Yes
A01197,591,42434.0,13983.0,2,0.598,Auto,No
A01198,513,76953.0,32020.0,10,0.631,Personal,No
A01199,621,51218.0,22642.0,9,0.457,Personal,No
A01200,712,28946.0,15871.0,13,0.563,Personal,No
A01201,597,75615.0,13784.0,12,0.388,Home improvement,No
A01202,685,45285.0,5153.0,12,0.374,Home improvement,No
A01203,660,71184.0,37447.0,2,0.678,Home improvement,Yes
A01204,546,61452.0,28330.0,13,0.532,Auto,Yes
A01205,609,31869.0,6224.0,11,0.418,Auto,No
A01206,653,50714.0,9864.0,3,0.336,Auto,No
A01207,607,40091.0,11663.0,8,0.306,Personal,No
A01208,717,33641.0,10611.0,18,0.371,Education,No
A01209,646,76072.0,31299.0,3,0.639,Home improvement,No
A01210,659,43015.0,22147.0,24,0.523,Auto,No
A01211,621,41585.0,9964.0,19,0.451,Education,No
A01212,686,72261.0,13625.0,12,0.303,Personal,No
A01213,653,57386.0,17139.0,2,0.537,Personal,Yes
A01214,671,33090.0,13121.0,10,0.579,Auto,No
A01215,666,51377.0,21766.0,7,0.706,Personal,No
A01216,586,41894.0,20043.0,16,0.663,Home improvement,Yes
A01217,577,72147.0,40774.0,13,0.695,Personal,No
A01218,709,41938.0,22578.0,11,0.593,Personal,Yes
A01219,678,41802.0,16511.0,14,0.646,Personal,No
A01220,674,37441.0,20116.0,12,0.545,Education,No
A01221,628,115530.0,34197.0,6,0.512,Home improvement,No
A01222,588,23603.0,6239.0,10,0.315,Personal,Yes
A01223,640,42621.0,24653.0,5,0.614,Home improvement,Yes
A01224,697,30971.0,7548.0,12,0.4,Home improvement,No
A01225,607,76242.0,41314.0,19,0.621,Home improvement,No
A01226,807,50885.0,11758.0,4,0.387,Education,No
A01227,751,32319.0,15760.0,9,0.695,Home improvement,Yes
A01228,612,37684.0,21994.0,4,0.859,Education,Yes
A01229,718,43560.0,13879.0,4,0.512,Auto,No
A01230,527,26425.0,13978.0,23,0.739,Home improvement,Yes
A01231,452,76775.0,45502.0,0,0.762,Personal,Yes
A01232,554,51040.0,7838.0,23,0.205,Home improvement,No
A01233,669,27473.0,16411.0,14,0.774,Home improvement,No
A01234,642,47358.0,20585.0,4,0.534,Personal,No
A01235,638,17977.0,5359.0,19,0.544,Auto,No
A01236,602,59024.0,13364.0,17,0.385,Education,No
A01237,651,27367.0,5649.0,12,0.43,Auto,No
A01238,595,51021.0,7292.0,3,0.335,Personal,No
A01239,620,51951.0,8712.0,8,0.319,Personal,No
A01240,523,54875.0,20493.0,22,0.475,Home improvement,Yes
A01241,631,44418.0,11095.0,1,0.443,Education,Yes
A01242,584,46406.0,9366.0,7,0.371,Personal,Yes
A01243,618,65921.0,12265.0,5,0.352,Auto,No
A01244,676,63765.0,20034.0,0,0.527,Personal,Yes
A01245,571,57787.0,22562.0,0,0.679,Personal,Yes
A01246,533,54453.0,14766.0,17,0.392,Education,No
A01247,715,39701.0,14984.0,16,0.425,Education,No
A01248,698,36038.0,19214.0,3,0.564,Education,No
A01249,706,70511.0,16292.0,18,0.477,Home improvement,No
A01250,641,53169.0,22013.0,22,0.704,Personal,No
A01251,705,27412.0,10366.0,14,0.608,Personal,No
A01252,694,72244.0,38784.0,0,0.563,Auto,No
A01253,575,49170.0,19542.0,4,0.509,Home improvement,No
A01254,714,23085.0,12737.0,24,0.778,Home improvement,No
A01255,594,60051.0,17847.0,15,0.535,Home improvement,Yes
A01256,631,78389.0,36868.0,5,0.558,Home improvement,No
A01257,713,54880.0,26826.0,19,0.517,Personal,No
A01258,503,40391.0,5498.0,9,0.156,Auto,No
A01259,654,57120.0,20990.0,2,0.417,Education,No
A01260,584,53820.0,32004.0,20,0.728,Personal,Yes
A01261,441,37697.0,13535.0,5,0.559,Auto,No
A01262,638,42901.0,20819.0,11,0.735,Auto,No
A01263,755,57310.0,18029.0,13,0.353,Education,No
A01264,690,42258.0,8709.0,19,0.471,Education,Yes
A01265,766,43052.0,11018.0,3,0.321,Home improvement,No
A01266,656,53702.0,31711.0,23,0.722,Home improvement,No
A01267,705,34656.0,14329.0,3,0.712,Education,No
A01268,701,67033.0,26977.0,7,0.529,Education,No
A01269,650,80328.0,25777.0,2,0.531,Auto,No
A01270,637,23541.0,4586.0,0,0.283,Auto,No
A01271,603,76883.0,21542.0,20,0.31,Home improvement,No
A01272,648,27351.0,6028.0,10,0.25,Home improvement,No
A01273,646,102841.0,40505.0,24,0.475,Education,No
A01274,646,53574.0,32122.0,4,0.891,Home improvement,No
A01275,499,34405.0,9550.0,17,0.531,Auto,No
A01276,788,40339.0,4193.0,22,0.336,Auto,No
A01277,607,80204.0,44528.0,23,0.752,Home improvement,No
A01278,727,87470.0,11597.0,4,0.327,Personal,No
A01279,754,58183.0,6485.0,13,0.331,Auto,No
A01280,661,32830.0,12305.0,21,0.584,Education,No
A01281,607,39789.0,14194.0,11,0.572,Education,No
A01282,690,52210.0,28534.0,16,0.549,Auto,No
A01283,771,60642.0,35636.0,5,0.743,Education,No
A01284,539,42415.0,19880.0,11,0.472,Education,Yes
A01285,684,64815.0,28985.0,22,0.732,Home improvement,No
A01286,589,97442.0,52600.0,7,0.753,Education,No
A01287,531,22891.0,3567.0,16,0.427,Home improvement,No
A01288,645,79121.0,44678.0,9,0.661,Personal,No
A01289,636,52703.0,5897.0,0,0.147,Auto,No
A01290,692,61561.0,27829.0,5,0.57,Home improvement,Yes
A01291,810,70459.0,29324.0,19,0.584,Auto,No
A01292,565,33883.0,17721.0,15,0.701,Personal,Yes
A01293,677,27300.0,15054.0,22,0.639,Home improvement,No
A01294,647,30982.0,11505.0,14,0.427,Education,No
A01295,671,31383.0,7646.0,0,0.496,Auto,Yes
A01296,740,37829.0,20085.0,3,0.739,Personal,No
A01297,551,38505.0,13242.0,4,0.405,Personal,Yes
A01298,752,68011.0,21829.0,11,0.387,Home improvement,Yes
A01299,707,46229.0,14679.0,14,0.357,Education,No
A01300,592,44399.0,4662.0,12,0.261,Home improvement,Yes
A01301,647,66041.0,39421.0,12,0.664,Home improvement,No
A01302,753,53199.0,9138.0,17,0.219,Home improvement,Yes
A01303,627,43157.0,4804.0,18,0.213,Education,No
A01304,762,127148.0,38305.0,4,0.345,Education,No
A01305,612,57204.0,13815.0,9,0.39,Home improvement,No
A01306,691,34437.0,10063.0,21,0.464,Home improvement,Yes
A01307,779,54093.0,9528.0,16,0.335,Education,No
A01308,584,61645.0,28654.0,0,0.66,Education,Yes
A01309,674,47509.0,9361.0,13,0.268,Home improvement,No
A01310,721,69344.0,21943.0,13,0.358,Personal,No
A01311,685,66504.0,8937.0,9,0.219,Education,No
A01312,573,74001.0,7950.0,18,0.281,Home improvement,No
A01313,714,38448.0,16254.0,24,0.571,Auto,No
A01314,592,77848.0,42735.0,24,0.833,Education,Yes
A01315,617,56098.0,12059.0,6,0.238,Home improvement,No
A01316,656,26797.0,15026.0,5,0.616,Auto,No
A01317,492,106900.0,50837.0,7,0.531,Education,Yes
A01318,752,61784.0,28110.0,14,0.494,Personal,No
A01319,720,78539.0,10899.0,24,0.436,Education,No
A01320,574,97772.0,26821.0,18,0.294,Home improvement,No
A01321,758,30254.0,3730.0,11,0.128,Personal,No
A01322,634,57771.0,29157.0,1,0.803,Auto,No
A01323,606,65477.0,33703.0,15,0.547,Home improvement,No
A01324,586,64984.0,36975.0,14,0.842,Auto,No
A01325,624,45278.0,7606.0,13,0.32,Home improvement,No
A01326,807,53479.0,7074.0,3,0.263,Personal,No
A01327,437,52472.0,24576.0,9,0.749,Education,No
A01328,601,45173.0,18926.0,1,0.541,Personal,Yes
A01329,725,35437.0,12237.0,6,0.352,Auto,No
A01330,665,40988.0,21169.0,19,0.678,Education,No
A01331,609,57460.0,18706.0,12,0.471,Education,No
A01332,496,82428.0,38807.0,12,0.524,Home improvement,No
A01333,661,29886.0,3449.0,6,0.224,Personal,No
A01334,736,47523.0,24590.0,18,0.71,Auto,Yes
A01335,660,33539.0,7831.0,4,0.42,Auto,No
A01336,577,46163.0,21328.0,8,0.653,Personal,No
A01337,550,67352.0,16645.0,23,0.254,Education,No
A01338,516,66247.0,31555.0,7,0.668,Education,No
A01339,541,39453.0,15860.0,8,0.477,Personal,No
A01340,736,67806.0,12542.0,24,0.297,Auto,No
A01341,573,99105.0,23156.0,24,0.289,Auto,No
A01342,579,80606.0,34705.0,3,0.612,Personal,Yes
A01343,685,65452.0,6620.0,13,0.134,Auto,No
A01344,794,22118.0,5392.0,0,0.455,Education,Yes
A01345,761,55552.0,19027.0,3,0.504,Education,No
A01346,651,72597.0,13066.0,13,0.347,Auto,No
A01347,544,44610.0,4991.0,10,0.138,Home improvement,No
A01348,619,53951.0,10138.0,10,0.256,Auto,No
A01349,633,68368.0,12543.0,19,0.453,Auto,No
A01350,673,20018.0,10109.0,20,0.671,Auto,Yes
A01351,576,141597.0,16087.0,12,0.146,Personal,No
A01352,724,46139.0,16109.0,19,0.569,Auto,No
A01353,649,52734.0,19860.0,11,0.402,Personal,No
A01354,617,62988.0,14665.0,3,0.495,Education,No
A01355,655,32544.0,3544.0,21,0.317,Education,No
A01356,538,39768.0,6781.0,4,0.41,Personal,No
A01357,589,31854.0,5698.0,20,0.227,Education,No
A01358,673,48222.0,23378.0,19,0.76,Personal,No
A01359,709,74973.0,31901.0,13,0.688,Education,Yes
A01360,680,35160.0,14077.0,10,0.438,Home improvement,No
A01361,641,104736.0,32771.0,20,0.34,Auto,No
A01362,671,45984.0,20186.0,16,0.526,Personal,No
A01363,610,45399.0,13642.0,11,0.416,Personal,No
A01364,766,78245.0,8451.0,21,0.278,Personal,No
A01365,606,73284.0,33722.0,8,0.564,Home improvement,No
A01366,690,54173.0,13246.0,15,0.497,Home improvement,No
A01367,747,83334.0,21307.0,0,0.272,Education,No
A01368,641,84723.0,42637.0,11,0.545,Home improvement,Yes
A01369,644,40344.0,20945.0,18,0.627,Personal,No
A01370,756,51752.0,18188.0,14,0.584,Auto,No
A01371,504,54105.0,17121.0,0,0.575,Home improvement,Yes
A01372,707,53096.0,11906.0,18,0.343,Auto,No
A01373,659,59224.0,19492.0,13,0.619,Auto,Yes
A01374,723,52499.0,27906.0,14,0.788,Education,No
A01375,817,50411.0,24564.0,2,0.704,Education,Yes
A01376,581,44659.0,4806.0,13,0.264,Home improvement,No
A01377,600,38932.0,4690.0,24,0.243,Personal,No
A01378,607,52112.0,8022.0,22,0.28,Education,No
A01379,551,61287.0,21366.0,5,0.363,Home improvement,Yes
A01380,540,67597.0,27075.0,6,0.654,Personal,Yes
A01381,508,48206.0,6179.0,14,0.414,Personal,No
A01382,739,46698.0,22572.0,14,0.533,Education,Yes
A01383,557,49834.0,5470.0,18,0.194,Education,Yes
A01384,734,60048.0,32626.0,16,0.588,Auto,Yes
A01385,625,86018.0,42998.0,11,0.641,Auto,No
A01386,627,79573.0,10573.0,0,0.222,Home improvement,No
A01387,733,40241.0,18165.0,19,0.692,Education,Yes
A01388,703,76156.0,45411.0,9,0.819,Education,No
A01389,664,52223.0,14960.0,23,0.379,Auto,No
A01390,790,40278.0,10119.0,22,0.34,Home improvement,No
A01391,687,64060.0,18599.0,21,0.306,Personal,No
A01392,633,60723.0,30320.0,5,0.797,Personal,No
A01393,584,58967.0,6218.0,20,0.167,Personal,No
A01394,691,37438.0,16439.0,3,0.446,Auto,No
A01395,681,44084.0,16676.0,5,0.631,Home improvement,No
A01396,627,73140.0,27188.0,1,0.411,Personal,No
A01397,598,38755.0,20560.0,11,0.549,Home improvement,No
A01398,610,57492.0,28295.0,11,0.572,Education,Yes
A01399,708,30713.0,6152.0,7,0.246,Personal,Yes
A01400,688,25994.0,3265.0,23,0.302,Home improvement,No
A01401,632,39107.0,13326.0,19,0.46,Auto,No
A01402,681,26692.0,9418.0,10,0.368,Home improvement,No
A01403,645,28471.0,5112.0,7,0.278,Personal,No
A01404,727,60495.0,18253.0,14,0.423,Education,Yes
A01405,543,51267.0,22493.0,9,0.532,Education,No
A01406,671,80004.0,13545.0,17,0.268,Auto,No
A01407,596,40698.0,6807.0,23,0.331,Home improvement,No
A01408,770,39628.0,19210.0,24,0.769,Education,No
A01409,638,45525.0,10905.0,22,0.304,Home improvement,No
A01410,684,35727.0,8992.0,0,0.377,Home improvement,No
A01411,648,42672.0,20657.0,12,0.624,Auto,No
A01412,730,78536.0,38490.0,12,0.617,Home improvement,No
A01413,561,30014.0,10097.0,1,0.601,Personal,Yes
A01414,645,73228.0,17970.0,7,0.263,Auto,No
A01415,572,53573.0,28339.0,19,0.704,Auto,Yes
A01416,479,32973.0,7623.0,17,0.455,Education,Yes
A01417,712,22055.0,8312.0,13,0.659,Auto,No
A01418,627,35500.0,4859.0,2,0.294,Education,No
A01419,685,61714.0,23877.0,24,0.671,Home improvement,No
A01420,698,33521.0,11230.0,24,0.512,Auto,Yes
A01421,661,30708.0,5456.0,17,0.347,Education,No
A01422,636,45789.0,26262.0,5,0.765,Personal,No
A01423,791,54060.0,14265.0,16,0.3,Auto,Yes
A01424,602,18988.0,6058.0,12,0.592,Home improvement,No
A01425,655,113348.0,63080.0,1,0.591,Home improvement,Yes
A01426,805,68262.0,9694.0,14,0.29,Education,No
A01427,685,29796.0,3548.0,12,0.376,Education,Yes
A01428,712,30897.0,16859.0,2,0.782,Education,No
A01429,605,54887.0,15594.0,10,0.583,Auto,Yes
A01430,634,66672.0,26096.0,6,0.592,Home improvement,No
A01431,778,62305.0,22226.0,7,0.617,Education,No
A01432,774,71643.0,17819.0,16,0.462,Personal,No
A01433,584,53204.0,8476.0,6,0.374,Education,No
A01434,660,31586.0,8109.0,3,0.418,Education,Yes
A01435,643,40859.0,11127.0,3,0.399,Education,Yes
A01436,583,53718.0,31494.0,18,0.856,Education,Yes
A01437,757,38156.0,4282.0,17,0.129,Home improvement,No
A01438,569,52535.0,27523.0,19,0.814,Auto,No
A01439,510,32813.0,6124.0,10,0.191,Personal,No
A01440,646,84399.0,47759.0,8,0.702,Home improvement,No
A01441,535,41948.0,20234.0,10,0.523,Auto,Yes
A01442,414,70715.0,12774.0,1,0.207,Home improvement,No
A01443,644,45856.0,5836.0,1,0.187,Personal,No
A01444,599,57889.0,25208.0,21,0.507,Education,No
A01445,741,63140.0,25283.0,24,0.466,Personal,No
A01446,567,35588.0,8193.0,1,0.522,Personal,Yes
A01447,617,48857.0,28362.0,11,0.744,Auto,Yes
A01448,731,48838.0,18816.0,16,0.635,Personal,No
A01449,706,62252.0,18694.0,21,0.577,Education,Yes
A01450,687,97818.0,33645.0,11,0.434,Education,No
A01451,619,29045.0,5616.0,8,0.389,Personal,No
A01452,752,66665.0,21226.0,2,0.361,Home improvement,No
A01453,711,46458.0,10500.0,15,0.515,Home improvement,Yes
A01454,633,134498.0,22638.0,1,0.351,Personal,No
A01455,600,82199.0,11361.0,6,0.156,Auto,No
A01456,640,61553.0,18321.0,23,0.324,Personal,No
A01457,676,34040.0,13568.0,18,0.584,Auto,No
A01458,629,35924.0,16679.0,2,0.466,Home improvement,No
A01459,604,40880.0,12977.0,18,0.355,Auto,No
A01460,634,26585.0,7746.0,12,0.33,Auto,No
A01461,652,42790.0,15481.0,9,0.488,Personal,No
A01462,599,74642.0,9127.0,0,0.16,Personal,No
A01463,505,24804.0,9767.0,23,0.66,Personal,No
A01464,600,58212.0,14355.0,9,0.434,Home improvement,No
A01465,489,44830.0,11467.0,20,0.261,Auto,Yes
A01466,671,34272.0,20339.0,0,0.793,Personal,No
A01467,595,34185.0,19410.0,5,0.766,Personal,No
A01468,546,41134.0,16043.0,12,0.635,Auto,Yes
A01469,796,44015.0,5867.0,6,0.365,Home improvement,No
A01470,657,28631.0,11670.0,18,0.492,Home improvement,No
A01471,629,94610.0,22253.0,17,0.382,Education,No
A01472,642,91705.0,10573.0,7,0.413,Home improvement,No
A01473,693,137959.0,73774.0,15,0.598,Auto,No
A01474,602,40259.0,10825.0,11,0.339,Home improvement,No
A01475,703,43914.0,13167.0,17,0.466,Home improvement,No
A01476,522,52771.0,19217.0,8,0.557,Home improvement,No
A01477,674,41258.0,6637.0,15,0.222,Personal,No
A01478,795,63802.0,13077.0,11,0.432,Personal,No
A01479,786,67628.0,17859.0,0,0.455,Education,No
A01480,561,43416.0,22513.0,19,0.694,Education,Yes
A01481,585,64593.0,18698.0,0,0.427,Personal,No
A01482,776,106846.0,45728.0,7,0.586,Personal,No
A01483,722,47356.0,9761.0,16,0.495,Personal,No
A01484,525,43275.0,5528.0,12,0.253,Personal,Yes
A01485,509,29605.0,11255.0,14,0.467,Personal,No
A01486,735,81347.0,28887.0,2,0.495,Home improvement,No
A01487,417,99935.0,58682.0,20,0.824,Auto,Yes
A01488,641,77663.0,41974.0,6,0.685,Auto,No
A01489,557,69454.0,22103.0,9,0.332,Personal,No
A01490,643,72065.0,33548.0,19,0.621,Auto,No
A01491,705,103819.0,35457.0,4,0.589,Education,Yes
A01492,727,64055.0,35778.0,15,0.639,Personal,No
A01493,725,28271.0,12125.0,15,0.508,Education,No
A01494,652,41575.0,9915.0,13,0.465,Home improvement,No
A01495,703,44793.0,16453.0,20,0.646,Education,No
A01496,698,47044.0,18019.0,23,0.477,Personal,No
A01497,599,31243.0,14780.0,17,0.665,Personal,No
A01498,607,24233.0,6095.0,9,0.389,Education,No
A01499,631,83919.0,31275.0,22,0.574,Auto,No
A01500,610,42039.0,16118.0,23,0.527,Personal,No
A01501,648,30491.0,7938.0,19,0.286,Education,Yes
A01502,654,43997.0,10836.0,18,0.516,Personal,No
A01503,738,61304.0,30700.0,21,0.648,Education,No
A01504,770,92596.0,18568.0,9,0.253,Home improvement,No
A01505,748,59264.0,11542.0,17,0.339,Home improvement,No
A01506,676,107305.0,55150.0,23,0.564,Education,No
A01507,607,52410.0,8938.0,21,0.211,Auto,No
A01508,656,19442.0,5620.0,17,0.373,Education,No
A01509,644,64544.0,10292.0,21,0.227,Education,No
A01510,667,57993.0,22427.0,4,0.446,Personal,No
A01511,690,67710.0,38547.0,2,0.808,Home improvement,No
A01512,689,15880.0,1912.0,14,0.145,Auto,No
A01513,599,79416.0,19439.0,11,0.27,Auto,No
A01514,636,52672.0,18796.0,3,0.482,Personal,No
A01515,560,37682.0,21814.0,8,0.693,Home improvement,Yes
A01516,650,87859.0,36013.0,18,0.514,Auto,No
A01517,635,62072.0,30725.0,9,0.495,Education,Yes
A01518,712,50306.0,28993.0,13,0.748,Auto,No
A01519,525,39126.0,13974.0,16,0.548,Personal,Yes
A01520,713,63686.0,35253.0,2,0.788,Education,Yes
A01521,640,40981.0,19981.0,21,0.503,Personal,No
A01522,530,67781.0,8883.0,22,0.272,Auto,No
A01523,558,28845.0,5883.0,1,0.344,Home improvement,No
A01524,672,40224.0,10255.0,10,0.351,Education,No
A01525,752,89188.0,14490.0,12,0.184,Home improvement,No
A01526,650,61178.0,8120.0,23,0.324,Education,No
A01527,580,64546.0,36022.0,3,0.772,Home improvement,No
A01528,595,48669.0,12143.0,18,0.338,Auto,No
A01529,624,63270.0,7479.0,3,0.271,Auto,No
A01530,580,49139.0,14337.0,20,0.372,Home improvement,Yes
A01531,664,42931.0,23250.0,2,0.694,Personal,No
A01532,470,30613.0,13858.0,20,0.709,Education,No
A01533,611,41292.0,19058.0,1,0.687,Education,No
A01534,698,33131.0,9277.0,9,0.385,Education,No
A01535,763,29399.0,8043.0,15,0.292,Home improvement,No
A01536,618,50261.0,20904.0,9,0.499,Education,No
A01537,611,37733.0,11811.0,15,0.541,Education,Yes
A01538,645,42150.0,11015.0,13,0.332,Auto,No
A01539,692,75591.0,39584.0,23,0.692,Auto,No
A01540,645,85262.0,37821.0,12,0.458,Education,Yes
A01541,551,65906.0,13651.0,6,0.297,Auto,No
A01542,632,26815.0,11244.0,2,0.501,Personal,No
A01543,683,29589.0,8953.0,11,0.402,Personal,No
A01544,535,57914.0,33207.0,22,0.744,Personal,No
A01545,678,54557.0,11026.0,10,0.267,Home improvement,No
A01546,517,51155.0,27534.0,6,0.782,Auto,Yes
A01547,725,23195.0,11717.0,14,0.769,Home improvement,No
A01548,707,51313.0,5869.0,16,0.376,Education,No
A01549,693,46788.0,10434.0,2,0.3,Auto,Yes
A01550,708,54031.0,14799.0,14,0.508,Education,No
A01551,800,37802.0,8052.0,23,0.345,Personal,No
A01552,663,51277.0,5338.0,2,0.171,Education,Yes
A01553,556,58926.0,23043.0,6,0.526,Auto,No
A01554,712,48224.0,19383.0,14,0.673,Auto,Yes
A01555,628,80820.0,41205.0,18,0.799,Personal,No
A01556,706,87326.0,23484.0,22,0.349,Education,Yes
A01557,657,69298.0,12339.0,11,0.465,Education,No
A01558,720,57425.0,28334.0,7,0.559,Home improvement,No
A01559,850,52651.0,28678.0,4,0.728,Personal,No
A01560,736,35622.0,12369.0,21,0.619,Education,No
A01561,606,48004.0,25044.0,2,0.631,Home improvement,Yes
A01562,736,67405.0,31314.0,1,0.745,Personal,No
A01563,589,38416.0,16025.0,14,0.7,Education,Yes
A01564,654,41178.0,9293.0,3,0.38,Home improvement,No
A01565,850,41754.0,23696.0,1,0.735,Home improvement,No
A01566,671,61205.0,27785.0,24,0.487,Home improvement,No
A01567,646,89847.0,36617.0,13,0.543,Home improvement,No
A01568,727,26658.0,8055.0,6,0.432,Auto,Yes
A01569,610,24568.0,10580.0,13,0.562,Auto,No
A01570,850,41401.0,20818.0,23,0.751,Home improvement,No
A01571,673,31185.0,7570.0,6,0.493,Education,Yes
A01572,780,33200.0,11054.0,11,0.469,Education,No
A01573,667,38630.0,19123.0,8,0.695,Education,No
A01574,607,68840.0,31229.0,0,0.457,Education,Yes
A01575,670,35070.0,4020.0,12,0.335,Home improvement,No
A01576,724,51026.0,27130.0,8,0.804,Auto,No
A01577,764,90828.0,39010.0,9,0.621,Personal,No
A01578,589,52332.0,9379.0,7,0.364,Education,Yes
A01579,489,34795.0,5173.0,6,0.348,Auto,No
A01580,757,36724.0,10856.0,9,0.407,Home improvement,No
A01581,613,51312.0,13715.0,3,0.406,Home improvement,No
A01582,582,50548.0,20507.0,16,0.63,Personal,No
A01583,697,67237.0,25879.0,9,0.646,Education,No
A01584,718,61588.0,29476.0,3,0.61,Personal,No
A01585,643,37686.0,8063.0,8,0.314,Education,No
A01586,545,40578.0,6018.0,7,0.321,Auto,No
A01587,713,51788.0,6809.0,3,0.373,Education,No
A01588,689,71356.0,42367.0,12,0.721,Personal,Yes
A01589,630,62320.0,21146.0,2,0.429,Personal,No
A01590,569,30227.0,6135.0,0,0.492,Education,Yes
A01591,661,30610.0,18286.0,2,0.782,Auto,Yes
A01592,597,42786.0,23033.0,3,0.653,Personal,No
A01593,511,45783.0,5030.0,16,0.229,Personal,Yes
A01594,470,29093.0,8235.0,12,0.419,Education,No
A01595,585,78368.0,24528.0,16,0.512,Auto,Yes
A01596,559,56685.0,11329.0,3,0.214,Auto,No
A01597,670,42902.0,13458.0,16,0.434,Auto,No
A01598,578,25465.0,4571.0,22,0.383,Home improvement,Yes
A01599,544,42576.0,9506.0,1,0.344,Auto,Yes
A01600,684,32929.0,12426.0,22,0.585,Auto,No
A01601,605,68740.0,28972.0,24,0.686,Home improvement,No
A01602,661,38365.0,20903.0,19,0.631,Auto,No
A01603,749,57637.0,18835.0,12,0.382,Education,No
A01604,706,71675.0,33461.0,23,0.69,Personal,No
A01605,719,30722.0,15674.0,21,0.564,Home improvement,No
A01606,574,59248.0,23631.0,0,0.465,Education,Yes
A01607,549,66360.0,34355.0,20,0.601,Personal,Yes
A01608,470,32411.0,15314.0,5,0.53,Auto,Yes
A01609,721,51785.0,25742.0,11,0.796,Personal,No
A01610,608,82142.0,20509.0,20,0.419,Home improvement,No
A01611,844,46245.0,14214.0,20,0.442,Home improvement,No
A01612,663,41191.0,8234.0,6,0.274,Personal,No
A01613,543,75682.0,35541.0,22,0.471,Auto,Yes
A01614,573,51032.0,30441.0,17,0.778,Education,No
A01615,652,32010.0,14212.0,7,0.582,Personal,Yes
A01616,721,33952.0,8818.0,12,0.365,Personal,No
A01617,671,27521.0,5497.0,10,0.389,Home improvement,No
A01618,627,41532.0,4494.0,10,0.138,Education,No
A01619,593,44152.0,4965.0,3,0.192,Education,No
A01620,555,60991.0,7118.0,23,0.319,Auto,No
A01621,672,58522.0,6600.0,3,0.153,Home improvement,No
A01622,479,15303.0,1718.0,23,0.138,Auto,Yes
A01623,678,33802.0,5183.0,7,0.333,Education,Yes
A01624,611,26101.0,3718.0,15,0.188,Auto,No
A01625,765,71458.0,20547.0,3,0.316,Personal,No
A01626,539,72538.0,41554.0,21,0.803,Education,Yes
A01627,630,22377.0,9685.0,15,0.639,Education,Yes
A01628,653,56627.0,16869.0,7,0.465,Home improvement,No
A01629,576,32241.0,5788.0,5,0.287,Auto,Yes
A01630,630,72310.0,36672.0,20,0.714,Home improvement,No
A01631,688,74062.0,30863.0,4,0.716,Home improvement,No
A01632,618,107483.0,19589.0,23,0.411,Personal,No
A01633,555,46798.0,21110.0,14,0.743,Home improvement,Yes
A01634,578,88797.0,36004.0,20,0.444,Education,No
A01635,662,83433.0,14688.0,12,0.318,Home improvement,No
A01636,706,52569.0,27466.0,22,0.564,Home improvement,No
A01637,764,50256.0,28008.0,16,0.635,Home improvement,No
A01638,565,46598.0,27849.0,20,0.649,Personal,Yes
A01639,631,51892.0,22950.0,14,0.707,Personal,Yes
A01640,603,37968.0,7371.0,14,0.198,Personal,No
A01641,683,156446.0,29430.0,0,0.371,Auto,No
A01642,670,47439.0,11835.0,10,0.336,Auto,No
A01643,708,33578.0,13500.0,4,0.538,Auto,No
A01644,563,39235.0,16876.0,22,0.703,Auto,No
A01645,583,45929.0,25438.0,20,0.753,Auto,No
A01646,582,33544.0,9609.0,23,0.327,Education,No
A01647,696,32872.0,11834.0,2,0.646,Auto,Yes
A01648,556,74610.0,31507.0,14,0.506,Auto,No
A01649,736,81758.0,48958.0,7,0.841,Auto,Yes
A01650,591,59769.0,20522.0,8,0.536,Education,Yes
A01651,602,41759.0,19502.0,12,0.72,Personal,Yes
A01652,778,32299.0,4656.0,18,0.358,Personal,No
A01653,571,112364.0,58259.0,17,0.647,Auto,Yes
A01654,664,70621.0,7330.0,7,0.346,Home improvement,No
A01655,824,39967.0,8818.0,24,0.498,Personal,No
A01656,662,44845.0,5553.0,0,0.364,Home improvement,No
A01657,660,57010.0,15488.0,17,0.388,Home improvement,No
A01658,562,37659.0,14333.0,9,0.615,Home improvement,Yes
A01659,621,40637.0,10173.0,21,0.365,Education,No
A01660,606,39261.0,8906.0,1,0.371,Personal,No
A01661,683,44723.0,9198.0,23,0.362,Auto,No
A01662,688,42026.0,10954.0,15,0.442,Auto,No
A01663,751,33227.0,8360.0,19,0.441,Education,No
A01664,692,45547.0,21525.0,24,0.719,Home improvement,No
A01665,762,62017.0,21358.0,23,0.602,Home improvement,No
A01666,671,109346.0,11858.0,14,0.256,Auto,No
A01667,677,81139.0,21817.0,14,0.529,Home improvement,No
A01668,662,31849.0,6185.0,3,0.47,Auto,Yes
A01669,839,79523.0,25264.0,5,0.612,Home improvement,Yes
A01670,521,79517.0,18960.0,0,0.43,Education,Yes
A01671,628,130105.0,39984.0,21,0.532,Personal,Yes
A01672,732,95846.0,18623.0,7,0.358,Personal,Yes
A01673,629,48103.0,24198.0,18,0.778,Auto,No
A01674,526,35726.0,13157.0,6,0.509,Education,Yes
A01675,719,67241.0,12699.0,11,0.199,Education,No
A01676,671,102068.0,50158.0,11,0.613,Auto,Yes
A01677,838,59486.0,11410.0,12,0.439,Education,No
A01678,654,34427.0,9230.0,20,0.456,Personal,No
A01679,624,40591.0,22623.0,7,0.813,Home improvement,Yes
A01680,758,49698.0,9892.0,22,0.43,Personal,No
A01681,650,54679.0,10425.0,15,0.455,Home improvement,Yes
A01682,768,65614.0,25300.0,0,0.597,Auto,No
A01683,654,26962.0,10348.0,15,0.623,Education,No
A01684,597,36793.0,17889.0,23,0.765,Auto,Yes
A01685,623,54466.0,30165.0,19,0.651,Home improvement,No
A01686,637,32106.0,10413.0,8,0.619,Home improvement,No
A01687,552,29910.0,15536.0,23,0.636,Auto,Yes
A01688,664,40826.0,16786.0,15,0.563,Auto,No
A01689,562,41822.0,11230.0,18,0.539,Home improvement,Yes
A01690,638,35756.0,4349.0,3,0.256,Auto,No
A01691,632,57041.0,12034.0,20,0.286,Education,No
A01692,821,39252.0,16192.0,22,0.712,Education,No
A01693,643,26740.0,12006.0,22,0.604,Home improvement,No
A01694,456,26841.0,8053.0,8,0.32,Education,Yes
A01695,685,82301.0,40846.0,17,0.767,Home improvement,No
A01696,790,64895.0,27886.0,18,0.639,Auto,Yes
A01697,708,40687.0,9387.0,9,0.378,Home improvement,No
A01698,582,48380.0,15066.0,15,0.517,Home improvement,Yes
A01699,688,41554.0,14426.0,14,0.589,Education,No
A01700,573,61333.0,8560.0,13,0.312,Auto,No
A01701,726,49064.0,11639.0,18,0.252,Auto,No
A01702,599,40984.0,6941.0,13,0.249,Personal,No
A01703,588,21514.0,10996.0,5,0.579,Auto,Yes
A01704,596,47041.0,15674.0,10,0.597,Personal,Yes
A01705,712,84627.0,37385.0,24,0.565,Personal,No
A01706,621,40933.0,8978.0,22,0.252,Personal,No
A01707,561,70890.0,31805.0,21,0.636,Education,Yes
A01708,567,32426.0,19223.0,22,0.807,Personal,Yes
A01709,686,46245.0,6838.0,22,0.374,Personal,No
A01710,707,40786.0,8871.0,14,0.39,Personal,No
A01711,662,40913.0,8460.0,20,0.452,Home improvement,No
A01712,706,50133.0,24940.0,8,0.535,Personal,No
A01713,706,40141.0,18396.0,15,0.566,Auto,Yes
A01714,773,53262.0,18004.0,12,0.535,Auto,No
A01715,721,79986.0,34270.0,24,0.528,Personal,No
A01716,559,54564.0,7558.0,14,0.382,Home improvement,Yes
A01717,669,36794.0,15801.0,22,0.687,Education,No
A01718,587,46299.0,26064.0,22,0.571,Home improvement,Yes
A01719,802,40613.0,13572.0,8,0.48,Home improvement,No
A01720,560,50016.0,6741.0,4,0.311,Education,Yes
A01721,636,57867.0,23344.0,7,0.508,Education,No
A01722,522,36275.0,16035.0,5,0.649,Home improvement,No
A01723,611,19861.0,9468.0,22,0.762,Personal,No
A01724,710,47535.0,25825.0,21,0.7,Education,No
A01725,694,39028.0,20958.0,3,0.563,Home improvement,No
A01726,632,42246.0,15070.0,21,0.485,Auto,No
A01727,648,27563.0,8310.0,11,0.486,Auto,No
A01728,581,44871.0,19130.0,7,0.682,Education,No
A01729,756,76693.0,7836.0,1,0.338,Auto,No
A01730,776,41200.0,22760.0,8,0.786,Personal,No
A01731,748,59731.0,35724.0,6,0.787,Home improvement,No
A01732,673,53042.0,24275.0,5,0.685,Education,No
A01733,625,40928.0,21274.0,17,0.755,Home improvement,No
A01734,661,33819.0,3942.0,12,0.23,Home improvement,Yes
A01735,705,28015.0,14448.0,11,0.671,Education,No
A01736,690,27167.0,5215.0,11,0.402,Personal,No
A01737,624,42558.0,22617.0,11,0.768,Education,No
A01738,693,53405.0,29258.0,16,0.687,Personal,No
A01739,705,74148.0,19735.0,1,0.352,Education,No
A01740,790,106438.0,42950.0,3,0.558,Education,No
A01741,587,25328.0,5955.0,20,0.305,Auto,Yes
A01742,724,42000.0,7014.0,1,0.227,Auto,No
A01743,692,64378.0,31378.0,15,0.523,Personal,No
A01744,611,56684.0,5755.0,5,0.208,Personal,No
A01745,760,111656.0,57401.0,20,0.781,Home improvement,No
A01746,562,26761.0,9370.0,17,0.428,Home improvement,No
A01747,577,30348.0,12288.0,8,0.653,Auto,Yes
A01748,397,54795.0,18881.0,7,0.354,Education,No
A01749,599,59414.0,10157.0,7,0.197,Home improvement,Yes
A01750,740,23475.0,7231.0,24,0.589,Education,No
A01751,667,32863.0,10788.0,3,0.455,Home improvement,No
A01752,555,37783.0,22635.0,8,0.644,Home improvement,Yes
A01753,671,54350.0,26171.0,18,0.516,Education,No
A01754,660,75758.0,39545.0,14,0.534,Education,No
A01755,691,95606.0,27457.0,21,0.308,Auto,No
A01756,679,44956.0,22060.0,12,0.584,Auto,No
A01757,691,67545.0,26352.0,22,0.528,Education,No
A01758,826,51657.0,22388.0,14,0.73,Personal,No
A01759,582,36429.0,17305.0,13,0.713,Auto,No
A01760,550,51262.0,27616.0,8,0.755,Education,Yes
A01761,635,44685.0,21921.0,0,0.763,Home improvement,No
A01762,663,58867.0,7381.0,5,0.149,Education,No
A01763,716,77432.0,36513.0,8,0.551,Personal,No
A01764,654,59567.0,21314.0,9,0.481,Personal,Yes
A01765,627,121964.0,60421.0,17,0.667,Home improvement,No
A01766,691,37536.0,16652.0,19,0.493,Home improvement,Yes
A01767,528,18214.0,8746.0,21,0.674,Education,No
A01768,735,52016.0,13521.0,2,0.312,Personal,No
A01769,639,43537.0,16201.0,2,0.517,Education,No
A01770,599,81781.0,19728.0,9,0.249,Home improvement,No
A01771,675,37653.0,17579.0,15,0.48,Personal,No
A01772,728,25351.0,12959.0,6,0.513,Personal,No
A01773,591,54043.0,31205.0,2,0.761,Home improvement,No
A01774,645,99901.0,12994.0,4,0.226,Home improvement,No
A01775,795,46746.0,22218.0,8,0.616,Auto,Yes
A01776,430,53302.0,9323.0,7,0.461,Education,Yes
A01777,727,45568.0,13949.0,7,0.405,Home improvement,No
A01778,643,44834.0,5189.0,17,0.407,Auto,No
A01779,746,64358.0,19142.0,3,0.393,Personal,No
A01780,568,60510.0,11351.0,6,0.394,Personal,No
A01781,749,47037.0,13205.0,5,0.523,Education,No
A01782,716,65554.0,20854.0,11,0.614,Auto,Yes
A01783,850,35546.0,6816.0,16,0.249,Home improvement,No
A01784,618,38333.0,12128.0,8,0.472,Personal,No
A01785,560,84186.0,30774.0,13,0.492,Auto,No
A01786,574,56183.0,8920.0,2,0.387,Personal,Yes
A01787,639,42212.0,15517.0,5,0.369,Auto,No
A01788,620,15068.0,6606.0,21,0.686,Personal,No
A01789,585,76101.0,14935.0,12,0.2,Education,Yes
A01790,734,62669.0,31815.0,22,0.588,Education,No
A01791,683,55508.0,15511.0,1,0.378,Personal,No
A01792,668,60213.0,22703.0,7,0.388,Auto,No
A01793,629,44054.0,9241.0,0,0.463,Auto,Yes
A01794,678,46069.0,25340.0,5,0.722,Personal,No
A01795,546,68559.0,39572.0,9,0.666,Home improvement,Yes
A01796,706,86534.0,12745.0,19,0.306,Education,No
A01797,466,47472.0,22281.0,4,0.506,Personal,Yes
A01798,698,58253.0,24407.0,0,0.506,Auto,No
A01799,570,28894.0,4191.0,23,0.185,Home improvement,No
A01800,582,32687.0,16276.0,23,0.57,Auto,No
A01801,604,110912.0,29308.0,18,0.29,Home improvement,No
A01802,673,67947.0,32612.0,0,0.547,Education,No
A01803,639,30163.0,9336.0,7,0.356,Personal,Yes
A01804,625,40740.0,23338.0,13,0.716,Auto,Yes
A01805,692,90424.0,48126.0,3,0.646,Personal,Yes
A01806,624,38851.0,13870.0,4,0.36,Personal,No
A01807,812,46762.0,14339.0,9,0.402,Education,No
A01808,670,43988.0,19020.0,0,0.486,Auto,Yes
A01809,722,19614.0,4611.0,9,0.379,Personal,No
A01810,613,46248.0,25333.0,24,0.556,Personal,No
A01811,642,20128.0,10940.0,8,0.802,Education,Yes
A01812,715,65501.0,15085.0,5,0.382,Personal,No
A01813,619,37690.0,7847.0,5,0.398,Auto,No
A01814,635,56136.0,15250.0,16,0.376,Personal,No
A01815,590,57266.0,29009.0,5,0.774,Home improvement,No
A01816,656,47951.0,14485.0,10,0.595,Home improvement,No
A01817,655,54484.0,30686.0,21,0.711,Education,Yes
A01818,689,49754.0,17960.0,21,0.419,Education,No
A01819,678,33993.0,12919.0,24,0.669,Education,No
A01820,643,33840.0,18392.0,6,0.627,Education,No
A01821,596,48410.0,11313.0,12,0.531,Personal,Yes
A01822,575,56325.0,27499.0,23,0.7,Auto,Yes
A01823,647,49949.0,26839.0,23,0.811,Education,Yes
A01824,749,57094.0,27636.0,16,0.587,Auto,Yes
A01825,630,123769.0,66240.0,0,0.732,Personal,No
A01826,619,45424.0,7671.0,19,0.397,Auto,No
A01827,680,44473.0,22526.0,12,0.526,Auto,No
A01828,442,64842.0,33129.0,5,0.783,Home improvement,No
A01829,550,62238.0,15651.0,13,0.282,Education,No
A01830,776,54416.0,31003.0,11,0.698,Personal,No
A01831,707,42517.0,16260.0,11,0.436,Personal,No
A01832,588,66201.0,8461.0,21,0.203,Home improvement,No
A01833,813,75132.0,28004.0,15,0.433,Home improvement,No
A01834,670,18645.0,3061.0,21,0.265,Auto,No
A01835,723,36596.0,18181.0,16,0.583,Auto,Yes
A01836,508,51169.0,21274.0,5,0.643,Home improvement,No
A01837,850,73378.0,40631.0,15,0.722,Personal,No
A01838,621,125650.0,21071.0,7,0.427,Education,No
A01839,673,96757.0,11746.0,18,0.165,Auto,No
A01840,747,93846.0,27045.0,1,0.293,Home improvement,No
A01841,612,59722.0,22219.0,17,0.436,Auto,No
A01842,605,37763.0,18081.0,19,0.651,Home improvement,No
A01843,589,67000.0,29531.0,21,0.443,Auto,No
A01844,721,58567.0,17959.0,13,0.555,Auto,Yes
A01845,678,54865.0,30213.0,21,0.793,Education,No
A01846,697,46278.0,10658.0,18,0.363,Home improvement,No
A01847,726,91436.0,51701.0,24,0.797,Education,No
A01848,579,33636.0,4967.0,0,0.197,Personal,No
A01849,553,61938.0,22395.0,23,0.478,Education,Yes
A01850,600,43391.0,15797.0,17,0.38,Personal,No
A01851,578,59407.0,33628.0,9,0.673,Education,Yes
A01852,583,70005.0,35453.0,1,0.556,Personal,Yes
A01853,668,56014.0,6589.0,15,0.121,Auto,No
A01854,615,46065.0,4990.0,17,0.326,Personal,No
A01855,703,89469.0,39932.0,5,0.68,Personal,Yes
A01856,519,108989.0,31264.0,12,0.44,Personal,Yes
A01857,778,24010.0,2533.0,10,0.385,Personal,No
A01858,627,77946.0,41480.0,1,0.715,Auto,Yes
A01859,573,50256.0,17133.0,17,0.397,Home improvement,No
A01860,637,47733.0,27741.0,3,0.813,Home improvement,Yes
A01861,747,57263.0,17488.0,20,0.348,Home improvement,No
A01862,818,39938.0,13321.0,23,0.503,Home improvement,No
A01863,699,34041.0,17168.0,0,0.731,Personal,Yes
A01864,548,87391.0,22148.0,23,0.469,Auto,No
A01865,700,26441.0,11025.0,20,0.657,Personal,No
A01866,658,57521.0,27964.0,23,0.507,Auto,No
A01867,678,30302.0,6154.0,13,0.447,Personal,No
A01868,555,40779.0,24356.0,15,0.767,Home improvement,Yes
A01869,756,66477.0,22491.0,2,0.551,Auto,No
A01870,738,67445.0,8066.0,1,0.304,Auto,No
A01871,704,42748.0,22406.0,21,0.546,Education,Yes
A01872,686,42873.0,18231.0,12,0.647,Education,No
A01873,688,103395.0,28247.0,18,0.348,Personal,No
A01874,716,80853.0,46017.0,15,0.849,Personal,No
A01875,681,40554.0,17696.0,14,0.728,Home improvement,No
A01876,637,46826.0,26131.0,21,0.719,Auto,No
A01877,689,94064.0,12366.0,22,0.237,Personal,No
A01878,620,55064.0,18239.0,9,0.363,Home improvement,No
A01879,554,72101.0,9103.0,23,0.163,Education,Yes
A01880,650,143084.0,29230.0,11,0.258,Education,No
A01881,738,79892.0,21976.0,15,0.422,Education,No
A01882,623,39621.0,12639.0,14,0.397,Home improvement,No
A01883,784,37987.0,18715.0,11,0.673,Personal,No
A01884,618,45853.0,9012.0,15,0.38,Personal,No
A01885,688,44915.0,16490.0,16,0.582,Home improvement,Yes
A01886,612,39517.0,7789.0,12,0.275,Auto,Yes
A01887,687,61274.0,30927.0,7,0.659,Auto,No
A01888,648,49217.0,17108.0,21,0.517,Home improvement,No
A01889,525,60249.0,10284.0,11,0.337,Auto,Yes
A01890,635,41720.0,18404.0,19,0.504,Personal,Yes
A01891,820,77813.0,33027.0,22,0.586,Personal,No
A01892,739,73107.0,24888.0,8,0.633,Home improvement,Yes
A01893,565,49869.0,16534.0,11,0.614,Auto,No
A01894,796,81650.0,14710.0,8,0.364,Personal,No
A01895,470,58949.0,33352.0,0,0.709,Education,Yes
A01896,707,30570.0,11918.0,22,0.411,Education,No
A01897,633,60118.0,8995.0,11,0.327,Personal,No
A01898,806,43248.0,14716.0,16,0.448,Personal,No
A01899,532,61471.0,31042.0,3,0.509,Auto,Yes
A01900,761,48504.0,8748.0,8,0.352,Auto,No
A01901,592,33435.0,15862.0,21,0.76,Auto,No
A01902,662,33518.0,12433.0,14,0.402,Education,No
A01903,820,22784.0,7165.0,23,0.525,Education,No
A01904,726,39511.0,18021.0,4,0.676,Home improvement,No
A01905,690,46212.0,13092.0,22,0.465,Personal,No
A01906,666,40668.0,16308.0,24,0.45,Auto,No
A01907,593,120882.0,72220.0,11,0.752,Auto,Yes
A01908,698,45428.0,13856.0,23,0.337,Auto,No
A01909,745,28578.0,8716.0,13,0.592,Home improvement,No
A01910,707,67465.0,34154.0,19,0.72,Home improvement,Yes
A01911,632,78796.0,9492.0,6,0.329,Auto,No
A01912,658,48609.0,28184.0,5,0.638,Education,No
A01913,747,36273.0,10052.0,4,0.373,Education,No
A01914,734,34371.0,10569.0,1,0.513,Education,No
A01915,732,32338.0,14459.0,22,0.577,Auto,No
A01916,669,50978.0,24672.0,18,0.517,Education,No
A01917,699,105059.0,44671.0,3,0.617,Auto,No
A01918,680,74733.0,11369.0,18,0.334,Auto,No
A01919,776,36360.0,7111.0,19,0.398,Auto,Yes
A01920,671,29070.0,8720.0,19,0.443,Education,No
A01921,652,31939.0,10995.0,1,0.566,Auto,No
A01922,644,53502.0,13342.0,23,0.476,Education,No
A01923,624,28805.0,14998.0,18,0.553,Personal,No
A01924,536,31120.0,15446.0,18,0.682,Personal,Yes
A01925,657,42058.0,12224.0,18,0.56,Education,No
A01926,677,33698.0,8449.0,15,0.419,Personal,No
A01927,684,57697.0,19491.0,8,0.562,Home improvement,Yes
A01928,585,33411.0,10550.0,1,0.323,Personal,Yes
A01929,673,31641.0,3364.0,9,0.217,Personal,No
A01930,691,44132.0,25104.0,20,0.571,Education,Yes
A01931,664,51412.0,30234.0,9,0.599,Auto,No
A01932,617,55722.0,27319.0,13,0.507,Personal,Yes
A01933,489,30001.0,15814.0,13,0.556,Personal,Yes
A01934,654,38006.0,8881.0,3,0.273,Personal,No
A01935,503,56771.0,19826.0,1,0.434,Personal,No
A01936,666,70843.0,9172.0,20,0.347,Personal,No
A01937,666,29368.0,11235.0,8,0.439,Auto,No
A01938,700,47500.0,10483.0,18,0.508,Auto,No
A01939,686,48691.0,21631.0,12,0.612,Auto,No
A01940,754,27522.0,10946.0,10,0.501,Auto,No
A01941,715,52873.0,11241.0,10,0.475,Education,No
A01942,578,25733.0,15374.0,21,0.725,Personal,Yes
A01943,581,36768.0,8442.0,19,0.36,Home improvement,No
A01944,616,74437.0,15804.0,16,0.31,Personal,No
A01945,769,51333.0,25200.0,8,0.571,Education,No
A01946,714,18786.0,2397.0,0,0.146,Personal,No
A01947,712,35540.0,13515.0,7,0.41,Auto,No
A01948,657,18914.0,3792.0,20,0.45,Education,No
A01949,552,72898.0,9698.0,11,0.156,Home improvement,No
A01950,659,79723.0,42992.0,4,0.54,Education,Yes
A01951,682,61337.0,15100.0,9,0.253,Home improvement,No
A01952,670,67910.0,38749.0,22,0.839,Personal,No
A01953,597,27325.0,7329.0,2,0.333,Personal,No
A01954,825,36908.0,9573.0,3,0.462,Auto,Yes
A01955,560,54360.0,7010.0,6,0.282,Auto,No
A01956,575,35858.0,9778.0,10,0.31,Personal,No
A01957,815,55439.0,13221.0,14,0.312,Personal,No
A01958,678,60576.0,19119.0,17,0.572,Education,Yes
A01959,778,95738.0,14502.0,23,0.318,Education,No
A01960,684,66282.0,20233.0,1,0.359,Personal,No
A01961,585,92370.0,18217.0,4,0.211,Auto,Yes
A01962,751,41501.0,6810.0,6,0.437,Auto,Yes
A01963,806,28305.0,12704.0,7,0.736,Education,Yes
A01964,627,80026.0,41910.0,21,0.557,Personal,Yes
A01965,595,97498.0,21897.0,11,0.275,Personal,Yes
A01966,548,63586.0,32730.0,6,0.669,Home improvement,Yes
A01967,698,41705.0,17780.0,5,0.68,Home improvement,No
A01968,664,31114.0,10701.0,14,0.538,Personal,No
A01969,603,49499.0,17674.0,19,0.573,Home improvement,No
A01970,574,54035.0,19890.0,20,0.475,Auto,No
A01971,696,88516.0,49915.0,18,0.846,Education,No
A01972,701,43096.0,19238.0,13,0.673,Personal,Yes
A01973,713,53703.0,13581.0,9,0.336,Auto,No
A01974,652,84964.0,18739.0,10,0.434,Auto,No
A01975,655,80492.0,39010.0,19,0.567,Personal,No
A01976,615,32568.0,13510.0,20,0.547,Education,Yes
A01977,637,28689.0,6206.0,19,0.253,Education,No
A01978,601,36602.0,20773.0,9,0.711,Home improvement,No
A01979,666,29556.0,16089.0,21,0.563,Auto,No
A01980,785,42616.0,9087.0,19,0.374,Auto,No
A01981,704,36903.0,15048.0,15,0.411,Personal,No
A01982,700,52276.0,29807.0,4,0.816,Auto,No
A01983,742,43329.0,11661.0,5,0.342,Auto,No
A01984,546,35790.0,3902.0,24,0.125,Education,Yes
A01985,682,40159.0,22423.0,13,0.629,Home improvement,Yes
A01986,710,27608.0,13302.0,18,0.562,Education,No
A01987,692,25057.0,5061.0,6,0.327,Home improvement,Yes
A01988,599,98248.0,10100.0,8,0.186,Personal,No
A01989,696,57263.0,25367.0,1,0.74,Education,No
A01990,649,91989.0,16344.0,15,0.228,Auto,No
A01991,668,61036.0,11019.0,4,0.463,Auto,No
A01992,571,27272.0,15330.0,23,0.847,Education,Yes
A01993,463,76487.0,12416.0,16,0.373,Education,Yes
A01994,768,65171.0,17223.0,1,0.363,Home improvement,Yes
A01995,681,53472.0,16487.0,2,0.332,Auto,No
A01996,730,49538.0,9275.0,1,0.37,Education,No
A01997,644,40236.0,17613.0,24,0.483,Education,Yes
A01998,510,57352.0,26468.0,23,0.493,Education,No
A01999,544,148085.0,32188.0,15,0.254,Home improvement,Yes
A02000,678,49074.0,4995.0,17,0.196,Education,No
A02001,586,36741.0,15325.0,24,0.62,Auto,No
A02002,838,35945.0,16448.0,21,0.485,Auto,No
A02003,525,45150.0,13640.0,15,0.601,Home improvement,Yes
A02004,710,63074.0,34531.0,20,0.783,Home improvement,Yes
A02005,747,48729.0,19665.0,2,0.636,Personal,No
A02006,636,51454.0,14456.0,1,0.395,Home improvement,No
A02007,576,53592.0,31264.0,12,0.814,Education,No
A02008,735,44926.0,15147.0,1,0.518,Education,Yes
A02009,561,21330.0,4979.0,16,0.43,Auto,No
A02010,730,73279.0,8975.0,13,0.189,Home improvement,No
A02011,696,73044.0,9066.0,13,0.392,Personal,No
A02012,594,34377.0,3562.0,20,0.134,Home improvement,Yes
A02013,658,41207.0,8247.0,16,0.238,Auto,No
A02014,692,47657.0,15755.0,16,0.428,Education,No
A02015,567,53962.0,12118.0,9,0.521,Auto,Yes
A02016,652,104845.0,15381.0,11,0.167,Education,No
A02017,683,80104.0,46944.0,18,0.783,Home improvement,Yes
A02018,640,47479.0,16405.0,18,0.564,Home improvement,No
A02019,646,20979.0,12071.0,14,0.732,Education,Yes
A02020,634,82400.0,28250.0,16,0.415,Auto,No
A02021,704,71860.0,15151.0,24,0.507,Home improvement,No
A02022,604,71855.0,7805.0,22,0.394,Home improvement,No
A02023,674,52703.0,7764.0,2,0.305,Personal,No
A02024,606,30218.0,10387.0,8,0.364,Personal,No
A02025,613,71873.0,14520.0,16,0.376,Education,Yes
A02026,640,73710.0,39696.0,2,0.7,Auto,No
A02027,670,38599.0,8822.0,13,0.478,Education,No
A02028,670,49139.0,12036.0,3,0.489,Auto,Yes
A02029,755,51321.0,17018.0,6,0.404,Education,No
A02030,803,116558.0,34881.0,14,0.323,Auto,No
A02031,596,46284.0,7911.0,0,0.421,Personal,No
A02032,817,24445.0,4867.0,1,0.423,Education,No
A02033,590,41417.0,9301.0,17,0.383,Auto,No
A02034,675,48710.0,5874.0,22,0.134,Personal,No
A02035,524,55553.0,9118.0,4,0.363,Education,No
A02036,656,79141.0,10980.0,3,0.336,Personal,No
A02037,727,41030.0,14126.0,15,0.346,Education,No
A02038,757,52901.0,25380.0,5,0.625,Home improvement,No
A02039,633,62630.0,16748.0,24,0.346,Auto,No
A02040,764,50647.0,17740.0,17,0.508,Home improvement,No
A02041,602,76466.0,19290.0,1,0.386,Personal,No
A02042,655,70761.0,8594.0,9,0.39,Auto,No
A02043,705,49952.0,5729.0,1,0.36,Personal,No
A02044,484,65820.0,34649.0,8,0.697,Personal,Yes
A02045,460,36628.0,7250.0,5,0.305,Personal,No
A02046,637,65337.0,22779.0,18,0.638,Education,Yes
A02047,599,64067.0,25813.0,6,0.65,Auto,Yes
A02048,577,32260.0,6323.0,1,0.436,Personal,No
A02049,654,58784.0,7122.0,1,0.122,Personal,No
A02050,703,78405.0,40686.0,16,0.794,Auto,Yes
A02051,548,75143.0,10460.0,7,0.364,Personal,No
A02052,584,53542.0,17895.0,0,0.456,Home improvement,No
A02053,691,26925.0,7602.0,23,0.405,Education,No
A02054,493,25534.0,13460.0,11,0.64,Personal,Yes
A02055,633,121053.0,63545.0,16,0.565,Home improvement,No
A02056,561,47615.0,26839.0,23,0.693,Home improvement,Yes
A02057,620,85199.0,29027.0,11,0.383,Auto,No
A02058,513,52769.0,15682.0,0,0.543,Auto,No
A02059,580,39843.0,11834.0,12,0.523,Education,Yes
A02060,579,53013.0,14395.0,17,0.319,Home improvement,No
A02061,645,63923.0,9707.0,20,0.348,Auto,No
A02062,727,45922.0,9449.0,12,0.216,Education,No
A02063,665,34585.0,19666.0,4,0.844,Personal,No
A02064,704,107364.0,52219.0,17,0.508,Home improvement,No
A02065,617,49920.0,18610.0,9,0.391,Personal,No
A02066,624,53099.0,28392.0,17,0.56,Education,No
A02067,632,111481.0,17404.0,14,0.202,Auto,No
A02068,767,32109.0,13183.0,7,0.617,Personal,No
A02069,643,45873.0,21369.0,10,0.619,Personal,Yes
A02070,669,35612.0,14552.0,17,0.686,Home improvement,Yes
A02071,598,26344.0,7630.0,6,0.302,Personal,No
A02072,578,66161.0,34193.0,0,0.621,Auto,No
A02073,714,52938.0,17958.0,0,0.513,Home improvement,Yes
A02074,505,63683.0,9585.0,22,0.263,Personal,No
A02075,677,41322.0,7742.0,7,0.381,Personal,No
A02076,648,53085.0,6859.0,5,0.281,Personal,No
A02077,587,33485.0,18481.0,20,0.798,Auto,Yes
A02078,572,38328.0,15274.0,23,0.649,Personal,Yes
A02079,764,41528.0,23660.0,21,0.598,Personal,No
A02080,647,73975.0,15235.0,19,0.341,Home improvement,No
A02081,746,44983.0,23276.0,11,0.682,Auto,Yes
A02082,581,40850.0,9694.0,5,0.5,Home improvement,Yes
A02083,700,27618.0,16184.0,9,0.717,Home improvement,No
A02084,662,61548.0,27309.0,18,0.675,Auto,No
A02085,535,66676.0,7798.0,4,0.198,Personal,No
A02086,652,51010.0,8539.0,18,0.176,Auto,No
A02087,701,55642.0,13786.0,9,0.295,Education,No
A02088,591,29173.0,6890.0,23,0.451,Education,Yes
A02089,833,117410.0,33726.0,2,0.327,Personal,No
A02090,529,39027.0,22166.0,12,0.722,Home improvement,Yes
A02091,618,56871.0,9460.0,14,0.225,Home improvement,Yes
A02092,665,35677.0,14279.0,14,0.483,Education,No
A02093,682,71251.0,20533.0,14,0.457,Personal,Yes
A02094,677,27056.0,8293.0,15,0.553,Auto,No
A02095,570,90459.0,48018.0,11,0.759,Auto,Yes
A02096,752,46104.0,17621.0,20,0.611,Home improvement,No
A02097,662,57375.0,33382.0,0,0.601,Personal,No
A02098,618,32778.0,10965.0,20,0.445,Personal,No
A02099,732,51473.0,16179.0,22,0.53,Home improvement,No
A02100,590,42885.0,15334.0,0,0.552,Personal,Yes
A02101,622,57226.0,24473.0,23,0.549,Personal,Yes
A02102,666,101916.0,35046.0,24,0.372,Auto,No
A02103,624,36424.0,6934.0,15,0.32,Home improvement,No
A02104,793,69854.0,13441.0,6,0.344,Education,No
A02105,700,22746.0,6009.0,13,0.543,Home improvement,Yes
A02106,610,48685.0,13261.0,21,0.536,Home improvement,No
A02107,702,59201.0,18088.0,23,0.541,Education,Yes
A02108,757,71355.0,28067.0,2,0.426,Auto,No
A02109,609,42075.0,4929.0,14,0.121,Home improvement,No
A02110,547,104310.0,18385.0,6,0.437,Auto,No
A02111,677,67658.0,28563.0,22,0.71,Education,Yes
A02112,592,26811.0,9398.0,8,0.489,Home improvement,Yes
A02113,693,89596.0,19691.0,10,0.293,Personal,No
A02114,671,72907.0,8473.0,16,0.253,Personal,No
A02115,672,28345.0,11845.0,3,0.529,Education,No
A02116,647,21657.0,2636.0,14,0.253,Auto,Yes
A02117,680,42909.0,12172.0,18,0.398,Auto,No
A02118,577,31106.0,4837.0,0,0.402,Auto,Yes
A02119,643,58531.0,25896.0,0,0.635,Personal,No
A02120,606,79498.0,10756.0,19,0.363,Home improvement,No
A02121,675,27058.0,5014.0,4,0.238,Home improvement,No
A02122,642,54146.0,24586.0,3,0.572,Personal,Yes
A02123,653,20531.0,11177.0,5,0.711,Auto,No
A02124,661,123068.0,13558.0,16,0.289,Education,No
A02125,612,23651.0,3917.0,8,0.334,Personal,No
A02126,710,44917.0,22928.0,17,0.545,Education,Yes
A02127,608,12926.0,5074.0,12,0.644,Education,No
A02128,641,41278.0,6925.0,14,0.206,Personal,No
A02129,620,84562.0,35138.0,10,0.626,Home improvement,No
A02130,617,51439.0,18857.0,21,0.378,Auto,No
A02131,513,72288.0,20581.0,12,0.452,Home improvement,Yes
A02132,604,24400.0,8852.0,4,0.424,Personal,No
A02133,671,29857.0,15553.0,1,0.587,Personal,Yes
A02134,664,36034.0,10550.0,16,0.306,Home improvement,No
A02135,693,28546.0,4276.0,2,0.324,Education,No
A02136,715,49960.0,19862.0,3,0.644,Personal,No
A02137,476,89335.0,45111.0,0,0.605,Home improvement,Yes
A02138,568,58588.0,26724.0,18,0.651,Home improvement,No
A02139,765,24662.0,4693.0,19,0.398,Home improvement,No
A02140,769,53226.0,15685.0,17,0.461,Education,No
A02141,612,35591.0,21148.0,18,0.864,Home improvement,Yes
A02142,682,64792.0,7498.0,18,0.212,Auto,No
A02143,784,32699.0,9942.0,12,0.587,Education,No
A02144,628,59900.0,31854.0,6,0.668,Auto,Yes
A02145,541,56133.0,18850.0,4,0.486,Education,No
A02146,510,39931.0,15049.0,20,0.587,Home improvement,Yes
A02147,710,49291.0,17327.0,16,0.599,Education,Yes
A02148,640,63145.0,36283.0,16,0.618,Auto,No
A02149,747,57477.0,11393.0,18,0.238,Personal,No
A02150,615,49112.0,20821.0,22,0.434,Home improvement,No
A02151,368,72012.0,11804.0,8,0.231,Personal,Yes
A02152,574,81288.0,40305.0,7,0.52,Education,No
A02153,634,70242.0,9565.0,3,0.279,Education,No
A02154,619,44189.0,8225.0,0,0.471,Home improvement,No
A02155,657,38065.0,5302.0,4,0.307,Home improvement,No
A02156,600,57258.0,11697.0,24,0.24,Home improvement,No
A02157,601,61463.0,12349.0,8,0.273,Home improvement,No
A02158,663,84352.0,9754.0,9,0.136,Home improvement,No
A02159,611,32238.0,3477.0,10,0.111,Auto,Yes
A02160,669,57534.0,9378.0,15,0.312,Personal,No
A02161,718,47049.0,18333.0,2,0.602,Personal,No
A02162,678,26764.0,8466.0,1,0.509,Personal,No
A02163,641,64248.0,13614.0,20,0.485,Home improvement,Yes
A02164,579,88029.0,46421.0,3,0.765,Auto,No
A02165,560,57629.0,33101.0,19,0.85,Home improvement,No
A02166,633,61679.0,7585.0,13,0.296,Home improvement,No
A02167,696,38145.0,5825.0,1,0.265,Personal,Yes
A02168,598,53073.0,30797.0,18,0.588,Education,Yes
A02169,684,62998.0,30662.0,13,0.755,Education,No
A02170,610,26481.0,7688.0,11,0.364,Auto,No
A02171,778,37927.0,11459.0,8,0.327,Auto,No
A02172,544,33308.0,17158.0,0,0.528,Education,Yes
A02173,671,50711.0,29549.0,16,0.589,Auto,No
A02174,637,69687.0,19057.0,12,0.418,Home improvement,No
A02175,595,51222.0,14266.0,6,0.547,Personal,Yes
A02176,518,58914.0,30604.0,20,0.527,Education,No
A02177,545,82589.0,45842.0,22,0.702,Home improvement,No
A02178,655,75299.0,34539.0,0,0.538,Home improvement,Yes
A02179,744,38989.0,8489.0,20,0.389,Home improvement,No
A02180,482,80398.0,19361.0,18,0.289,Auto,Yes
A02181,530,47332.0,7987.0,3,0.179,Home improvement,No
A02182,753,41899.0,23907.0,1,0.706,Home improvement,No
A02183,657,62329.0,37290.0,12,0.888,Auto,No
A02184,531,39819.0,7814.0,9,0.36,Auto,Yes
A02185,586,90866.0,38709.0,1,0.708,Home improvement,No
A02186,656,51554.0,13522.0,12,0.399,Personal,No
A02187,715,45565.0,14266.0,15,0.541,Education,No
A02188,740,33388.0,5669.0,4,0.379,Home improvement,Yes
A02189,611,57146.0,24616.0,0,0.468,Auto,Yes
A02190,703,38548.0,6743.0,19,0.237,Personal,No
A02191,688,24676.0,14004.0,18,0.652,Auto,No
A02192,722,70146.0,36687.0,18,0.819,Education,No
A02193,620,43720.0,4442.0,1,0.192,Personal,No
A02194,576,50834.0,28430.0,7,0.593,Home improvement,No
A02195,575,41910.0,16825.0,3,0.443,Auto,No
A02196,786,50869.0,12283.0,24,0.498,Personal,Yes
A02197,662,34876.0,14662.0,19,0.583,Personal,Yes
A02198,708,39935.0,17421.0,20,0.615,Personal,Yes
A02199,705,70462.0,39768.0,22,0.837,Home improvement,Yes
A02200,652,30114.0,9591.0,2,0.325,Personal,No
A02201,746,130292.0,13463.0,21,0.183,Home improvement,No
A02202,683,38428.0,4651.0,1,0.281,Home improvement,Yes
A02203,627,56188.0,23066.0,8,0.495,Auto,No
A02204,604,99466.0,17942.0,8,0.29,Home improvement,No
A02205,580,113142.0,30657.0,3,0.516,Home improvement,Yes
A02206,696,72870.0,32978.0,6,0.46,Auto,No
A02207,675,55877.0,6728.0,5,0.303,Personal,No
A02208,698,37409.0,12978.0,17,0.449,Auto,No
A02209,659,56871.0,28333.0,4,0.649,Auto,No
A02210,675,38829.0,15429.0,4,0.694,Education,No
A02211,615,63292.0,21657.0,21,0.388,Home improvement,No
A02212,642,127074.0,30278.0,16,0.249,Home improvement,No
A02213,675,73306.0,35167.0,1,0.692,Personal,No
A02214,681,48578.0,15234.0,20,0.459,Education,Yes
A02215,654,42652.0,9604.0,11,0.414,Auto,Yes
A02216,739,81135.0,19537.0,1,0.335,Auto,No
A02217,674,53893.0,23186.0,13,0.559,Education,Yes
A02218,516,52589.0,25867.0,6,0.782,Personal,No
A02219,742,32930.0,10550.0,13,0.62,Home improvement,Yes
A02220,564,34047.0,3724.0,9,0.132,Personal,Yes
A02221,649,41011.0,21134.0,2,0.734,Home improvement,No
A02222,702,62991.0,17244.0,12,0.294,Auto,No
A02223,716,44718.0,20752.0,12,0.673,Auto,Yes
A02224,766,54931.0,6258.0,22,0.323,Auto,No
A02225,708,74828.0,29163.0,12,0.518,Education,No
A02226,564,43103.0,19756.0,14,0.675,Auto,No
A02227,604,46752.0,26478.0,5,0.769,Auto,No
A02228,616,62741.0,6899.0,5,0.212,Education,No
A02229,661,46735.0,18284.0,12,0.519,Personal,No
A02230,653,46865.0,21215.0,5,0.519,Auto,No
A02231,725,60825.0,16170.0,19,0.374,Auto,No
A02232,627,44272.0,17019.0,24,0.543,Auto,No
A02233,523,44402.0,7031.0,8,0.362,Home improvement,Yes
A02234,646,68251.0,29401.0,19,0.47,Personal,No
A02235,606,41879.0,22109.0,0,0.637,Auto,No
A02236,666,125208.0,53545.0,20,0.644,Auto,No
A02237,641,48392.0,10016.0,22,0.307,Home improvement,No
A02238,639,51190.0,27117.0,12,0.61,Personal,Yes
A02239,706,78131.0,32817.0,24,0.623,Education,No
A02240,647,40166.0,22008.0,9,0.766,Education,No
A02241,631,56141.0,32996.0,0,0.717,Auto,No
A02242,699,44876.0,14488.0,21,0.385,Auto,No
A02243,644,48241.0,14425.0,7,0.5,Education,Yes
A02244,623,51637.0,22292.0,2,0.605,Education,No
A02245,578,81670.0,35881.0,19,0.611,Auto,Yes
A02246,678,43302.0,13964.0,4,0.51,Auto,Yes
A02247,684,73299.0,30365.0,15,0.499,Auto,No
A02248,581,111942.0,22530.0,24,0.302,Personal,No
A02249,716,65885.0,27721.0,12,0.596,Personal,Yes
A02250,787,24985.0,6337.0,12,0.41,Personal,No
A02251,582,35405.0,7901.0,4,0.399,Personal,No
A02252,739,35358.0,14735.0,17,0.507,Auto,No
A02253,552,39983.0,21759.0,8,0.801,Auto,No
A02254,808,29323.0,6780.0,0,0.422,Personal,No
A02255,674,19508.0,10760.0,22,0.824,Auto,No
A02256,616,52956.0,17645.0,18,0.464,Personal,No
A02257,673,42161.0,9601.0,1,0.409,Education,No
A02258,706,54210.0,8839.0,22,0.427,Personal,No
A02259,627,48701.0,11925.0,15,0.381,Auto,No
A02260,638,31301.0,14303.0,1,0.724,Auto,Yes
A02261,616,33535.0,4879.0,10,0.163,Auto,Yes
A02262,721,44718.0,17731.0,8,0.407,Auto,No
A02263,689,73100.0,23238.0,14,0.44,Personal,No
A02264,586,28212.0,12300.0,8,0.669,Education,No
A02265,626,45541.0,25338.0,18,0.68,Home improvement,No
A02266,653,56953.0,22408.0,14,0.473,Personal,No
A02267,654,47363.0,9323.0,21,0.219,Personal,No
A02268,630,46656.0,15562.0,10,0.424,Education,No
A02269,681,33751.0,13085.0,16,0.509,Auto,No
A02270,581,53135.0,23699.0,22,0.483,Home improvement,Yes
A02271,595,28818.0,13586.0,10,0.615,Education,Yes
A02272,657,28888.0,7635.0,6,0.494,Personal,Yes
A02273,600,36841.0,10590.0,1,0.396,Personal,No
A02274,534,33041.0,9454.0,12,0.288,Education,No
A02275,698,48733.0,20488.0,18,0.571,Education,No
A02276,628,76447.0,29893.0,12,0.478,Home improvement,No
A02277,725,54417.0,27502.0,17,0.702,Education,Yes
A02278,670,78133.0,18837.0,15,0.433,Personal,No
A02279,583,16268.0,3180.0,0,0.449,Education,Yes
A02280,669,31588.0,10875.0,7,0.545,Personal,No
A02281,619,126282.0,64834.0,23,0.682,Education,No
A02282,533,40501.0,20493.0,14,0.506,Home improvement,Yes
A02283,675,66061.0,12863.0,20,0.253,Auto,No
A02284,618,29563.0,4268.0,5,0.312,Auto,No
A02285,692,46259.0,7988.0,5,0.383,Education,No
A02286,638,77120.0,41934.0,24,0.587,Auto,No
A02287,525,48013.0,18343.0,10,0.395,Auto,Yes
A02288,803,66274.0,16513.0,19,0.354,Personal,Yes
A02289,742,26587.0,15835.0,4,0.65,Education,Yes
A02290,526,48543.0,8621.0,24,0.285,Education,No
A02291,664,54777.0,11627.0,10,0.364,Personal,No
A02292,638,73079.0,30596.0,22,0.601,Auto,No
A02293,625,46431.0,26535.0,22,0.801,Home improvement,No
A02294,675,27403.0,10121.0,14,0.425,Education,No
A02295,591,82997.0,23290.0,4,0.535,Auto,No
A02296,667,82309.0,17167.0,19,0.35,Education,No
A02297,611,44853.0,12359.0,4,0.522,Education,No
A02298,563,28689.0,4599.0,19,0.424,Personal,Yes
A02299,732,39087.0,13695.0,11,0.379,Auto,No
A02300,518,74793.0,16377.0,16,0.431,Personal,No
A02301,612,52306.0,25012.0,5,0.599,Auto,No
A02302,764,63918.0,14296.0,8,0.239,Personal,No
A02303,561,72216.0,36388.0,3,0.674,Personal,Yes
A02304,423,43209.0,21892.0,9,0.658,Education,No
A02305,773,39841.0,18122.0,3,0.728,Auto,Yes
A02306,625,67296.0,29630.0,7,0.481,Auto,Yes
A02307,570,34986.0,5353.0,19,0.352,Home improvement,No
A02308,725,51902.0,20898.0,6,0.697,Home improvement,No
A02309,531,17925.0,5053.0,17,0.513,Home improvement,Yes
A02310,446,90444.0,53047.0,22,0.74,Home improvement,Yes
A02311,536,32711.0,19054.0,17,0.589,Personal,Yes
A02312,540,33540.0,5017.0,4,0.424,Auto,No
A02313,690,124308.0,31849.0,12,0.512,Auto,No
A02314,757,20897.0,7392.0,6,0.39,Home improvement,No
A02315,606,68423.0,12698.0,20,0.349,Personal,No
A02316,623,52963.0,28616.0,10,0.776,Personal,No
A02317,679,29651.0,16640.0,12,0.632,Personal,No
A02318,723,36960.0,21996.0,8,0.796,Personal,No
A02319,543,62102.0,9593.0,0,0.385,Personal,No
A02320,794,76673.0,7814.0,12,0.212,Personal,No
A02321,509,44949.0,16988.0,22,0.401,Education,Yes
A02322,630,49892.0,5484.0,12,0.32,Education,No
A02323,794,46848.0,23739.0,20,0.715,Home improvement,Yes
A02324,622,39067.0,9008.0,9,0.479,Personal,No
A02325,670,39793.0,8481.0,18,0.304,Personal,No
A02326,786,65085.0,21996.0,0,0.349,Personal,No
A02327,757,51774.0,23468.0,11,0.499,Personal,No
A02328,511,36068.0,3736.0,12,0.178,Home improvement,Yes
A02329,726,37308.0,14199.0,21,0.527,Home improvement,No
A02330,749,67875.0,26647.0,1,0.393,Personal,No
A02331,585,56812.0,10553.0,24,0.243,Personal,No
A02332,553,37570.0,10393.0,2,0.341,Personal,No
A02333,624,43182.0,16304.0,1,0.501,Personal,No
A02334,702,60271.0,25966.0,14,0.492,Auto,Yes
A02335,615,61896.0,19462.0,24,0.508,Auto,Yes
A02336,651,41387.0,5087.0,8,0.219,Home improvement,No
A02337,613,53446.0,28129.0,21,0.663,Auto,No
A02338,638,24484.0,2622.0,13,0.209,Home improvement,No
A02339,593,110440.0,61754.0,11,0.713,Home improvement,Yes
A02340,683,54425.0,31656.0,5,0.707,Personal,Yes
A02341,527,75697.0,36723.0,23,0.565,Education,Yes
A02342,651,77910.0,34967.0,10,0.629,Personal,No
A02343,556,64904.0,16998.0,4,0.368,Home improvement,No
A02344,578,27478.0,14138.0,19,0.668,Education,No
A02345,758,60037.0,29835.0,6,0.524,Home improvement,Yes
A02346,700,36365.0,9843.0,5,0.423,Auto,No
A02347,720,34688.0,8264.0,19,0.362,Personal,No
A02348,526,82124.0,30031.0,0,0.392,Auto,No
A02349,554,83918.0,17971.0,16,0.491,Education,No
A02350,585,70549.0,39083.0,13,0.847,Personal,No
A02351,593,26651.0,10158.0,20,0.453,Home improvement,Yes
A02352,603,39002.0,12965.0,22,0.35,Personal,No
A02353,716,49610.0,17318.0,11,0.379,Auto,No
A02354,692,106766.0,13597.0,2,0.304,Home improvement,No
A02355,770,44795.0,23770.0,15,0.809,Personal,No
A02356,680,80902.0,10255.0,0,0.384,Home improvement,No
A02357,652,45535.0,10603.0,8,0.514,Home improvement,No
A02358,685,25494.0,10535.0,7,0.427,Education,No
A02359,470,56193.0,12043.0,3,0.327,Education,No
A02360,730,103069.0,46252.0,8,0.547,Personal,No
A02361,679,43742.0,16765.0,5,0.456,Auto,Yes
A02362,595,69769.0,15554.0,1,0.439,Education,Yes
A02363,801,21982.0,3990.0,5,0.205,Home improvement,No
A02364,599,87746.0,39116.0,2,0.648,Home improvement,Yes
A02365,639,38193.0,22375.0,14,0.815,Personal,Yes
A02366,709,76515.0,23601.0,13,0.398,Auto,No
A02367,733,47674.0,6693.0,8,0.19,Auto,No
A02368,635,48636.0,20235.0,13,0.523,Education,No
A02369,829,29947.0,9807.0,19,0.565,Home improvement,No
A02370,621,120587.0,59533.0,20,0.58,Personal,No
A02371,740,62390.0,8718.0,1,0.163,Home improvement,No
A02372,709,90990.0,17846.0,12,0.405,Home improvement,No
A02373,634,54216.0,20413.0,14,0.6,Auto,No
A02374,799,24244.0,5632.0,19,0.515,Education,No
A02375,673,40124.0,15673.0,20,0.505,Home improvement,No
A02376,850,70384.0,17554.0,24,0.445,Auto,No
A02377,661,32254.0,3632.0,17,0.277,Education,No
A02378,614,54467.0,17340.0,16,0.513,Personal,No
A02379,569,50806.0,10360.0,1,0.382,Auto,Yes
A02380,715,138436.0,20825.0,16,0.16,Auto,No
A02381,704,43638.0,10499.0,24,0.379,Home improvement,No
A02382,669,62143.0,33056.0,15,0.638,Personal,Yes
A02383,564,46630.0,20994.0,2,0.61,Home improvement,No
A02384,614,49814.0,19763.0,12,0.49,Education,No
A02385,671,74205.0,20266.0,10,0.428,Auto,No
A02386,634,86389.0,30776.0,13,0.61,Home improvement,Yes
A02387,459,27966.0,6162.0,22,0.328,Auto,Yes
A02388,679,28705.0,16780.0,10,0.608,Personal,Yes
A02389,676,57768.0,18949.0,22,0.421,Home improvement,No
A02390,594,73740.0,15437.0,7,0.454,Personal,Yes
A02391,772,32305.0,6464.0,18,0.255,Home improvement,No
A02392,618,41326.0,24408.0,23,0.76,Education,Yes
A02393,671,52100.0,5576.0,1,0.402,Auto,Yes
A02394,728,37089.0,16125.0,21,0.5,Auto,No
A02395,537,59565.0,33980.0,18,0.742,Personal,Yes
A02396,639,51764.0,10644.0,17,0.423,Auto,No
A02397,477,34956.0,7609.0,0,0.425,Education,Yes
A02398,828,26893.0,4830.0,20,0.453,Education,Yes
A02399,836,72821.0,8427.0,11,0.196,Personal,No
A02400,685,20431.0,2721.0,0,0.371,Personal,No
A02401,705,98174.0,52448.0,9,0.629,Home improvement,Yes
A02402,505,53315.0,12712.0,13,0.369,Education,No
A02403,677,44449.0,16734.0,8,0.509,Home improvement,No
A02404,654,22021.0,5806.0,20,0.367,Personal,No
A02405,721,39968.0,22903.0,19,0.87,Personal,No
A02406,682,86103.0,32954.0,6,0.439,Auto,No
A02407,775,38818.0,5509.0,20,0.394,Education,No
A02408,707,54750.0,8181.0,23,0.333,Auto,No
A02409,693,54496.0,27327.0,21,0.781,Auto,No
A02410,604,48591.0,6414.0,1,0.164,Personal,No
A02411,625,43344.0,22163.0,15,0.768,Auto,No
A02412,688,71557.0,26606.0,6,0.525,Education,No
A02413,663,66800.0,28666.0,4,0.605,Auto,No
A02414,710,42311.0,24479.0,13,0.822,Personal,No
A02415,674,66829.0,9868.0,11,0.173,Education,No
A02416,676,114045.0,64290.0,22,0.668,Personal,No
A02417,697,80057.0,15236.0,14,0.344,Education,No
A02418,547,27358.0,14082.0,17,0.771,Auto,Yes
A02419,658,19106.0,2029.0,3,0.217,Home improvement,No
A02420,606,42419.0,5652.0,3,0.273,Personal,No
A02421,533,48427.0,12934.0,23,0.544,Education,No
A02422,663,83849.0,34069.0,6,0.511,Personal,No
A02423,646,17931.0,4866.0,24,0.341,Auto,No
A02424,627,21724.0,2557.0,12,0.403,Auto,No
A02425,740,36951.0,19475.0,20,0.643,Education,No
A02426,673,46391.0,6937.0,10,0.421,Education,No
A02427,574,51016.0,21763.0,6,0.637,Auto,No
A02428,712,59923.0,9344.0,12,0.436,Personal,Yes
A02429,566,35148.0,11723.0,24,0.44,Home improvement,Yes
A02430,560,24741.0,4998.0,24,0.48,Personal,Yes
A02431,792,57524.0,16809.0,15,0.384,Education,No
A02432,482,71933.0,10807.0,8,0.329,Home improvement,Yes
A02433,564,55957.0,6274.0,19,0.318,Auto,Yes
A02434,540,61707.0,24366.0,17,0.651,Home improvement,No
A02435,653,54818.0,7551.0,5,0.166,Personal,No
A02436,718,117498.0,34817.0,13,0.583,Personal,No
A02437,696,33409.0,15167.0,4,0.75,Personal,No
A02438,741,93874.0,42760.0,2,0.712,Education,No
A02439,685,29051.0,15655.0,24,0.824,Home improvement,Yes
A02440,594,65382.0,34923.0,4,0.679,Personal,Yes
A02441,547,58635.0,7446.0,2,0.338,Education,No
A02442,769,59006.0,25672.0,20,0.688,Home improvement,No
A02443,647,46195.0,11200.0,6,0.375,Personal,No
A02444,610,61066.0,20881.0,11,0.54,Personal,Yes
A02445,826,88695.0,16068.0,2,0.203,Home improvement,No
A02446,616,32601.0,16509.0,19,0.509,Education,No
A02447,753,63552.0,7045.0,15,0.363,Auto,No
A02448,620,48370.0,5943.0,21,0.272,Education,Yes
A02449,694,21188.0,3428.0,17,0.387,Personal,No
A02450,614,47919.0,17052.0,22,0.577,Education,No
A02451,720,27646.0,2841.0,4,0.338,Personal,No
A02452,653,56601.0,26516.0,16,0.559,Education,No
A02453,614,83264.0,43158.0,15,0.695,Education,No
A02454,706,51512.0,7460.0,0,0.259,Personal,No
A02455,611,63699.0,12266.0,12,0.193,Education,No
A02456,722,65137.0,28227.0,24,0.612,Auto,No
A02457,673,45033.0,25181.0,24,0.664,Education,Yes
A02458,533,35775.0,7723.0,8,0.28,Home improvement,No
A02459,689,40390.0,4487.0,4,0.212,Education,No
A02460,533,90606.0,20431.0,5,0.259,Education,No
A02461,737,47376.0,16202.0,5,0.472,Personal,No
A02462,579,39143.0,7865.0,0,0.27,Personal,Yes
A02463,606,46111.0,21205.0,6,0.54,Personal,Yes
A02464,599,67074.0,39357.0,17,0.675,Education,Yes
A02465,673,57826.0,16491.0,20,0.562,Personal,No
A02466,633,17037.0,8611.0,14,0.711,Auto,Yes
A02467,581,128976.0,29661.0,0,0.426,Education,No
A02468,706,48835.0,5644.0,15,0.316,Education,No
A02469,647,32320.0,3444.0,1,0.221,Education,Yes
A02470,721,36037.0,3840.0,10,0.378,Home improvement,No
A02471,645,22818.0,6329.0,4,0.522,Home improvement,No
A02472,615,43863.0,11788.0,4,0.55,Personal,No
A02473,617,51170.0,16232.0,5,0.33,Education,No
A02474,664,73164.0,30768.0,6,0.633,Home improvement,No
A02475,608,45862.0,20196.0,24,0.63,Education,Yes
A02476,667,27264.0,4272.0,8,0.184,Personal,No
A02477,578,40576.0,23612.0,3,0.647,Personal,Yes
A02478,585,61964.0,9798.0,19,0.197,Personal,No
A02479,578,94056.0,35119.0,9,0.486,Personal,No
A02480,658,56116.0,20828.0,18,0.394,Education,Yes
A02481,676,40980.0,5274.0,18,0.185,Auto,No
A02482,602,47239.0,11310.0,24,0.531,Auto,Yes
A02483,603,30436.0,12857.0,1,0.691,Auto,No
A02484,839,46523.0,12834.0,17,0.386,Personal,No
A02485,641,57122.0,16881.0,9,0.3,Auto,No
A02486,678,56354.0,19163.0,11,0.628,Home improvement,No
A02487,599,120842.0,21748.0,13,0.415,Auto,No
A02488,647,29634.0,5814.0,24,0.488,Personal,No
A02489,513,111087.0,47429.0,11,0.587,Education,No
A02490,610,58924.0,35242.0,14,0.745,Education,No
A02491,664,34365.0,13204.0,5,0.502,Personal,No
A02492,714,58143.0,28119.0,2,0.704,Auto,No
A02493,539,97562.0,57262.0,20,0.702,Personal,Yes
A02494,648,64699.0,28145.0,17,0.644,Auto,Yes
A02495,625,37321.0,10274.0,16,0.429,Auto,No
A02496,491,45651.0,14823.0,16,0.578,Personal,Yes
A02497,499,68395.0,28960.0,3,0.706,Personal,No
A02498,689,45532.0,21590.0,18,0.688,Education,No
A02499,594,72851.0,24065.0,9,0.367,Personal,No
A02500,710,49500.0,23064.0,21,0.594,Personal,No
